StateCode,Name,AnsiCode,FipsCode
AA,,,     
AE,,,     
AK,ALEUTIANS EAST,013,013  
AK,ALEUTIANS WEST,016,016  
AK,ANCHORAGE,020,020  
AK,BETHEL,050,050  
AK,BRISTOL BAY,060,060  
AK,DENALI,068,068  
AK,DILLINGHAM,070,070  
AK,FAIRBANKS NORTH STAR,090,090  
AK,HAINES,100,100  
AK,HOONAH ANGOON,105,105  
AK,JUNEAU,110,110  
AK,KENAI PENINSULA,122,122  
AK,KETCHIKAN GATEWAY,130,130  
AK,KODIAK ISLAND,150,150  
AK,LAKE AND PENINSULA,164,164  
AK,MATANUSKA SUSITNA,170,170  
AK,NOME,180,180  
AK,NORTH SLOPE,185,185  
AK,NORTHWEST ARCTIC,188,188  
AK,PETERSBURG,195,195  
AK,PRINCE OF WALES HYDER,198,198  
AK,SITKA,220,220  
AK,SKAGWAY,230,230  
AK,SOUTHEAST FAIRBANKS,240,240  
AK,VALDEZ CORDOVA,261,261  
AK,WADE HAMPTON,270,270  
AK,WRANGELL,275,275  
AK,YAKUTAT,282,282  
AK,YUKON KOYUKUK,290,290  
AL,AUTAUGA,001,001  
AL,BALDWIN,003,003  
AL,BARBOUR,005,005  
AL,BIBB,007,007  
AL,BLOUNT,009,009  
AL,BULLOCK,011,011  
AL,BUTLER,013,013  
AL,CALHOUN,015,015  
AL,CHAMBERS,017,017  
AL,CHEROKEE,019,019  
AL,CHILTON,021,021  
AL,CHOCTAW,023,023  
AL,CLARKE,025,025  
AL,CLAY,027,027  
AL,CLEBURNE,029,029  
AL,COFFEE,031,031  
AL,COLBERT,033,033  
AL,CONECUH,035,035  
AL,COOSA,037,037  
AL,COVINGTON,039,039  
AL,CRENSHAW,041,041  
AL,CULLMAN,043,043  
AL,DALE,045,045  
AL,DALLAS,047,047  
AL,DE KALB,049,049  
AL,ELMORE,051,051  
AL,ESCAMBIA,053,053  
AL,ETOWAH,055,055  
AL,FAYETTE,057,057  
AL,FRANKLIN,059,059  
AL,GENEVA,061,061  
AL,GREENE,063,063  
AL,HALE,065,065  
AL,HENRY,067,067  
AL,HOUSTON,069,069  
AL,JACKSON,071,071  
AL,JEFFERSON,073,073  
AL,LAMAR,075,075  
AL,LAUDERDALE,077,077  
AL,LAWRENCE,079,079  
AL,LEE,081,081  
AL,LIMESTONE,083,083  
AL,LOWNDES,085,085  
AL,MACON,087,087  
AL,MADISON,089,089  
AL,MARENGO,091,091  
AL,MARION,093,093  
AL,MARSHALL,095,095  
AL,MOBILE,097,097  
AL,MONROE,099,099  
AL,MONTGOMERY,101,101  
AL,MORGAN,103,103  
AL,PERRY,105,105  
AL,PICKENS,107,107  
AL,PIKE,109,109  
AL,RANDOLPH,111,111  
AL,RUSSELL,113,113  
AL,SAINT CLAIR,115,115  
AL,SHELBY,117,117  
AL,SUMTER,119,119  
AL,TALLADEGA,121,121  
AL,TALLAPOOSA,123,123  
AL,TUSCALOOSA,125,125  
AL,WALKER,127,127  
AL,WASHINGTON,129,129  
AL,WILCOX,131,131  
AL,WINSTON,133,133  
AP,,,     
AR,ARKANSAS,001,001  
AR,ASHLEY,003,003  
AR,BAXTER,005,005  
AR,BENTON,007,007  
AR,BOONE,009,009  
AR,BRADLEY,011,011  
AR,CALHOUN,013,013  
AR,CARROLL,015,015  
AR,CHICOT,017,017  
AR,CLARK,019,019  
AR,CLAY,021,021  
AR,CLEBURNE,023,023  
AR,CLEVELAND,025,025  
AR,COLUMBIA,027,027  
AR,CONWAY,029,029  
AR,CRAIGHEAD,031,031  
AR,CRAWFORD,033,033  
AR,CRITTENDEN,035,035  
AR,CROSS,037,037  
AR,DALLAS,039,039  
AR,DESHA,041,041  
AR,DREW,043,043  
AR,FAULKNER,045,045  
AR,FRANKLIN,047,047  
AR,FULTON,049,049  
AR,GARLAND,051,051  
AR,GRANT,053,053  
AR,GREENE,055,055  
AR,HEMPSTEAD,057,057  
AR,HOT SPRING,059,059  
AR,HOWARD,061,061  
AR,INDEPENDENCE,063,063  
AR,IZARD,065,065  
AR,JACKSON,067,067  
AR,JEFFERSON,069,069  
AR,JOHNSON,071,071  
AR,LAFAYETTE,073,073  
AR,LAWRENCE,075,075  
AR,LEE,077,077  
AR,LINCOLN,079,079  
AR,LITTLE RIVER,081,081  
AR,LOGAN,083,083  
AR,LONOKE,085,085  
AR,MADISON,087,087  
AR,MARION,089,089  
AR,MILLER,091,091  
AR,MISSISSIPPI,093,093  
AR,MONROE,095,095  
AR,MONTGOMERY,097,097  
AR,NEVADA,099,099  
AR,NEWTON,101,101  
AR,OUACHITA,103,103  
AR,PERRY,105,105  
AR,PHILLIPS,107,107  
AR,PIKE,109,109  
AR,POINSETT,111,111  
AR,POLK,113,113  
AR,POPE,115,115  
AR,PRAIRIE,117,117  
AR,PULASKI,119,119  
AR,RANDOLPH,121,121  
AR,SAINT FRANCIS,123,123  
AR,SALINE,125,125  
AR,SCOTT,127,127  
AR,SEARCY,129,129  
AR,SEBASTIAN,131,131  
AR,SEVIER,133,133  
AR,SHARP,135,135  
AR,STONE,137,137  
AR,UNION,139,139  
AR,VAN BUREN,141,141  
AR,WASHINGTON,143,143  
AR,WHITE,145,145  
AR,WOODRUFF,147,147  
AR,YELL,149,149  
AS,HAWAII,,001  
AZ,APACHE,001,001  
AZ,COCHISE,003,003  
AZ,COCONINO,005,005  
AZ,GILA,007,007  
AZ,GRAHAM,009,009  
AZ,GREENLEE,011,011  
AZ,LA PAZ,012,012  
AZ,MARICOPA,013,013  
AZ,MOHAVE,015,015  
AZ,NAVAJO,017,017  
AZ,PIMA,019,019  
AZ,PINAL,021,021  
AZ,SANTA CRUZ,023,023  
AZ,YAVAPAI,025,025  
AZ,YUMA,027,027  
CA,ALAMEDA,001,001  
CA,ALPINE,003,003  
CA,AMADOR,005,005  
CA,BUTTE,007,007  
CA,CALAVERAS,009,009  
CA,COLUSA,011,011  
CA,CONTRA COSTA,013,013  
CA,DEL NORTE,015,015  
CA,EL DORADO,017,017  
CA,FRESNO,019,019  
CA,GLENN,021,021  
CA,HUMBOLDT,023,023  
CA,IMPERIAL,025,025  
CA,INYO,027,027  
CA,KERN,029,029  
CA,KINGS,031,031  
CA,LAKE,033,033  
CA,LASSEN,035,035  
CA,LOS ANGELES,037,037  
CA,MADERA,039,039  
CA,MARIN,041,041  
CA,MARIPOSA,043,043  
CA,MENDOCINO,045,045  
CA,MERCED,047,047  
CA,MODOC,049,049  
CA,MONO,051,051  
CA,MONTEREY,053,053  
CA,NAPA,055,055  
CA,NEVADA,057,057  
CA,ORANGE,059,059  
CA,PLACER,061,061  
CA,PLUMAS,063,063  
CA,RIVERSIDE,065,065  
CA,SACRAMENTO,067,067  
CA,SAN BENITO,069,069  
CA,SAN BERNARDINO,071,071  
CA,SAN DIEGO,073,073  
CA,SAN FRANCISCO,075,075  
CA,SAN JOAQUIN,077,077  
CA,SAN LUIS OBISPO,079,079  
CA,SAN MATEO,081,081  
CA,SANTA BARBARA,083,083  
CA,SANTA CLARA,085,085  
CA,SANTA CRUZ,087,087  
CA,SHASTA,089,089  
CA,SIERRA,091,091  
CA,SISKIYOU,093,093  
CA,SOLANO,095,095  
CA,SONOMA,097,097  
CA,STANISLAUS,099,099  
CA,SUTTER,101,101  
CA,TEHAMA,103,103  
CA,TRINITY,105,105  
CA,TULARE,107,107  
CA,TUOLUMNE,109,109  
CA,VENTURA,111,111  
CA,YOLO,113,113  
CA,YUBA,115,115  
CO,ADAMS,001,001  
CO,ALAMOSA,003,003  
CO,ARAPAHOE,005,005  
CO,ARCHULETA,007,007  
CO,BACA,009,009  
CO,BENT,011,011  
CO,BOULDER,013,013  
CO,BROOMFIELD,014,014  
CO,CHAFFEE,015,015  
CO,CHEYENNE,017,017  
CO,CLEAR CREEK,019,019  
CO,CONEJOS,021,021  
CO,COSTILLA,023,023  
CO,CROWLEY,025,025  
CO,CUSTER,027,027  
CO,DELTA,029,029  
CO,DENVER,031,031  
CO,DOLORES,033,033  
CO,DOUGLAS,035,035  
CO,EAGLE,037,037  
CO,ELBERT,039,039  
CO,EL PASO,041,041  
CO,FREMONT,043,043  
CO,GARFIELD,045,045  
CO,GILPIN,047,047  
CO,GRAND,049,049  
CO,GUNNISON,051,051  
CO,HINSDALE,053,053  
CO,HUERFANO,055,055  
CO,JACKSON,057,057  
CO,JEFFERSON,059,059  
CO,KIOWA,061,061  
CO,KIT CARSON,063,063  
CO,LAKE,065,065  
CO,LA PLATA,067,067  
CO,LARIMER,069,069  
CO,LAS ANIMAS,071,071  
CO,LINCOLN,073,073  
CO,LOGAN,075,075  
CO,MESA,077,077  
CO,MINERAL,079,079  
CO,MOFFAT,081,081  
CO,MONTEZUMA,083,083  
CO,MONTROSE,085,085  
CO,MORGAN,087,087  
CO,OTERO,089,089  
CO,OURAY,091,091  
CO,PARK,093,093  
CO,PHILLIPS,095,095  
CO,PITKIN,097,097  
CO,PROWERS,099,099  
CO,PUEBLO,101,101  
CO,RIO BLANCO,103,103  
CO,RIO GRANDE,105,105  
CO,ROUTT,107,107  
CO,SAGUACHE,109,109  
CO,SAN JUAN,111,111  
CO,SAN MIGUEL,113,113  
CO,SEDGWICK,115,115  
CO,SUMMIT,117,117  
CO,TELLER,119,119  
CO,WASHINGTON,121,121  
CO,WELD,123,123  
CO,YUMA,125,125  
CT,FAIRFIELD,001,001  
CT,HARTFORD,003,003  
CT,LITCHFIELD,005,005  
CT,MIDDLESEX,007,007  
CT,NEW HAVEN,009,009  
CT,NEW LONDON,011,011  
CT,TOLLAND,013,013  
CT,WINDHAM,015,015  
DC,DISTRICT OF COLUMBIA,001,001  
DE,KENT,001,001  
DE,NEW CASTLE,003,003  
DE,SUSSEX,005,005  
FL,ALACHUA,001,001  
FL,BAKER,003,003  
FL,BAY,005,005  
FL,BRADFORD,007,007  
FL,BREVARD,009,009  
FL,BROWARD,011,011  
FL,CALHOUN,013,013  
FL,CHARLOTTE,015,015  
FL,CITRUS,017,017  
FL,CLAY,019,019  
FL,COLLIER,021,021  
FL,COLUMBIA,023,023  
FL,DE SOTO,027,027  
FL,DIXIE,029,029  
FL,DUVAL,031,031  
FL,ESCAMBIA,033,033  
FL,FLAGLER,035,035  
FL,FRANKLIN,037,037  
FL,GADSDEN,039,039  
FL,GILCHRIST,041,041  
FL,GLADES,043,043  
FL,GULF,045,045  
FL,HAMILTON,047,047  
FL,HARDEE,049,049  
FL,HENDRY,051,051  
FL,HERNANDO,053,053  
FL,HIGHLANDS,055,055  
FL,HILLSBOROUGH,057,057  
FL,HOLMES,059,059  
FL,INDIAN RIVER,061,061  
FL,JACKSON,063,063  
FL,JEFFERSON,065,065  
FL,LAFAYETTE,067,067  
FL,LAKE,069,069  
FL,LEE,071,071  
FL,LEON,073,073  
FL,LEVY,075,075  
FL,LIBERTY,077,077  
FL,MADISON,079,079  
FL,MANATEE,081,081  
FL,MARION,083,083  
FL,MARTIN,085,085  
FL,MIAMI-DADE,086,086  
FL,MONROE,087,087  
FL,NASSAU,089,089  
FL,OKALOOSA,091,091  
FL,OKEECHOBEE,093,093  
FL,ORANGE,095,095  
FL,OSCEOLA,097,097  
FL,PALM BEACH,099,099  
FL,PASCO,101,101  
FL,PINELLAS,103,103  
FL,POLK,105,105  
FL,PUTNAM,107,107  
FL,SAINT JOHNS,109,109  
FL,SAINT LUCIE,111,111  
FL,SANTA ROSA,113,113  
FL,SARASOTA,115,115  
FL,SEMINOLE,117,117  
FL,SUMTER,119,119  
FL,SUWANNEE,121,121  
FL,TAYLOR,123,123  
FL,UNION,125,125  
FL,VOLUSIA,127,127  
FL,WAKULLA,129,129  
FL,WALTON,131,131  
FL,WASHINGTON,133,133  
FM,FEDERATED STATES OF MICRO,,003  
GA,APPLING,001,001  
GA,ATKINSON,003,003  
GA,BACON,005,005  
GA,BAKER,007,007  
GA,BALDWIN,009,009  
GA,BANKS,011,011  
GA,BARROW,013,013  
GA,BARTOW,015,015  
GA,BEN HILL,017,017  
GA,BERRIEN,019,019  
GA,BIBB,021,021  
GA,BLECKLEY,023,023  
GA,BRANTLEY,025,025  
GA,BROOKS,027,027  
GA,BRYAN,029,029  
GA,BULLOCH,031,031  
GA,BURKE,033,033  
GA,BUTTS,035,035  
GA,CALHOUN,037,037  
GA,CAMDEN,039,039  
GA,CANDLER,043,043  
GA,CARROLL,045,045  
GA,CATOOSA,047,047  
GA,CHARLTON,049,049  
GA,CHATHAM,051,051  
GA,CHATTAHOOCHEE,053,053  
GA,CHATTOOGA,055,055  
GA,CHEROKEE,057,057  
GA,CLARKE,059,059  
GA,CLAY,061,061  
GA,CLAYTON,063,063  
GA,CLINCH,065,065  
GA,COBB,067,067  
GA,COFFEE,069,069  
GA,COLQUITT,071,071  
GA,COLUMBIA,073,073  
GA,COOK,075,075  
GA,COWETA,077,077  
GA,CRAWFORD,079,079  
GA,CRISP,081,081  
GA,DADE,083,083  
GA,DAWSON,085,085  
GA,DECATUR,087,087  
GA,DEKALB,089,089  
GA,DODGE,091,091  
GA,DOOLY,093,093  
GA,DOUGHERTY,095,095  
GA,DOUGLAS,097,097  
GA,EARLY,099,099  
GA,ECHOLS,101,101  
GA,EFFINGHAM,103,103  
GA,ELBERT,105,105  
GA,EMANUEL,107,107  
GA,EVANS,109,109  
GA,FANNIN,111,111  
GA,FAYETTE,113,113  
GA,FLOYD,115,115  
GA,FORSYTH,117,117  
GA,FRANKLIN,119,119  
GA,FULTON,121,121  
GA,GILMER,123,123  
GA,GLASCOCK,125,125  
GA,GLYNN,127,127  
GA,GORDON,129,129  
GA,GRADY,131,131  
GA,GREENE,133,133  
GA,GWINNETT,135,135  
GA,HABERSHAM,137,137  
GA,HALL,139,139  
GA,HANCOCK,141,141  
GA,HARALSON,143,143  
GA,HARRIS,145,145  
GA,HART,147,147  
GA,HEARD,149,149  
GA,HENRY,151,151  
GA,HOUSTON,153,153  
GA,IRWIN,155,155  
GA,JACKSON,157,157  
GA,JASPER,159,159  
GA,JEFF DAVIS,161,161  
GA,JEFFERSON,163,163  
GA,JENKINS,165,165  
GA,JOHNSON,167,167  
GA,JONES,169,169  
GA,LAMAR,171,171  
GA,LANIER,173,173  
GA,LAURENS,175,175  
GA,LEE,177,177  
GA,LIBERTY,179,179  
GA,LINCOLN,181,181  
GA,LONG,183,183  
GA,LOWNDES,185,185  
GA,LUMPKIN,187,187  
GA,MCDUFFIE,189,189  
GA,MCINTOSH,191,191  
GA,MACON,193,193  
GA,MADISON,195,195  
GA,MARION,197,197  
GA,MERIWETHER,199,199  
GA,MILLER,201,201  
GA,MITCHELL,205,205  
GA,MONROE,207,207  
GA,MONTGOMERY,209,209  
GA,MORGAN,211,211  
GA,MURRAY,213,213  
GA,MUSCOGEE,215,215  
GA,NEWTON,217,217  
GA,OCONEE,219,219  
GA,OGLETHORPE,221,221  
GA,PAULDING,223,223  
GA,PEACH,225,225  
GA,PICKENS,227,227  
GA,PIERCE,229,229  
GA,PIKE,231,231  
GA,POLK,233,233  
GA,PULASKI,235,235  
GA,PUTNAM,237,237  
GA,QUITMAN,239,239  
GA,RABUN,241,241  
GA,RANDOLPH,243,243  
GA,RICHMOND,245,245  
GA,ROCKDALE,247,247  
GA,SCHLEY,249,249  
GA,SCREVEN,251,251  
GA,SEMINOLE,253,253  
GA,SPALDING,255,255  
GA,STEPHENS,257,257  
GA,STEWART,259,259  
GA,SUMTER,261,261  
GA,TALBOT,263,263  
GA,TALIAFERRO,265,265  
GA,TATTNALL,267,267  
GA,TAYLOR,269,269  
GA,TELFAIR,271,271  
GA,TERRELL,273,273  
GA,THOMAS,275,275  
GA,TIFT,277,277  
GA,TOOMBS,279,279  
GA,TOWNS,281,281  
GA,TREUTLEN,283,283  
GA,TROUP,285,285  
GA,TURNER,287,287  
GA,TWIGGS,289,289  
GA,UNION,291,291  
GA,UPSON,293,293  
GA,WALKER,295,295  
GA,WALTON,297,297  
GA,WARE,299,299  
GA,WARREN,301,301  
GA,WASHINGTON,303,303  
GA,WAYNE,305,305  
GA,WEBSTER,307,307  
GA,WHEELER,309,309  
GA,WHITE,311,311  
GA,WHITFIELD,313,313  
GA,WILCOX,315,315  
GA,WILKES,317,317  
GA,WILKINSON,319,319  
GA,WORTH,321,321  
GU,GUAM,010,010  
HI,HAWAII,001,001  
HI,HONOLULU,003,003  
HI,KALAWAO,005,005  
HI,KAUAI,007,007  
HI,MAUI,009,009  
IA,ADAIR,001,001  
IA,ADAMS,003,003  
IA,ALLAMAKEE,005,005  
IA,APPANOOSE,007,007  
IA,AUDUBON,009,009  
IA,BENTON,011,011  
IA,BLACK HAWK,013,013  
IA,BOONE,015,015  
IA,BREMER,017,017  
IA,BUCHANAN,019,019  
IA,BUENA VISTA,021,021  
IA,BUTLER,023,023  
IA,CALHOUN,025,025  
IA,CARROLL,027,027  
IA,CASS,029,029  
IA,CEDAR,031,031  
IA,CERRO GORDO,033,033  
IA,CHEROKEE,035,035  
IA,CHICKASAW,037,037  
IA,CLARKE,039,039  
IA,CLAY,041,041  
IA,CLAYTON,043,043  
IA,CLINTON,045,045  
IA,CRAWFORD,047,047  
IA,DALLAS,049,049  
IA,DAVIS,051,051  
IA,DECATUR,053,053  
IA,DELAWARE,055,055  
IA,DES MOINES,057,057  
IA,DICKINSON,059,059  
IA,DUBUQUE,061,061  
IA,EMMET,063,063  
IA,FAYETTE,065,065  
IA,FLOYD,067,067  
IA,FRANKLIN,069,069  
IA,FREMONT,071,071  
IA,GREENE,073,073  
IA,GRUNDY,075,075  
IA,GUTHRIE,077,077  
IA,HAMILTON,079,079  
IA,HANCOCK,081,081  
IA,HARDIN,083,083  
IA,HARRISON,085,085  
IA,HENRY,087,087  
IA,HOWARD,089,089  
IA,HUMBOLDT,091,091  
IA,IDA,093,093  
IA,IOWA,095,095  
IA,JACKSON,097,097  
IA,JASPER,099,099  
IA,JEFFERSON,101,101  
IA,JOHNSON,103,103  
IA,JONES,105,105  
IA,KEOKUK,107,107  
IA,KOSSUTH,109,109  
IA,LEE,111,111  
IA,LINN,113,113  
IA,LOUISA,115,115  
IA,LUCAS,117,117  
IA,LYON,119,119  
IA,MADISON,121,121  
IA,MAHASKA,123,123  
IA,MARION,125,125  
IA,MARSHALL,127,127  
IA,MILLS,129,129  
IA,MITCHELL,131,131  
IA,MONONA,133,133  
IA,MONROE,135,135  
IA,MONTGOMERY,137,137  
IA,MUSCATINE,139,139  
IA,OBRIEN,141,141  
IA,OSCEOLA,143,143  
IA,PAGE,145,145  
IA,PALO ALTO,147,147  
IA,PLYMOUTH,149,149  
IA,POCAHONTAS,151,151  
IA,POLK,153,153  
IA,POTTAWATTAMIE,155,155  
IA,POWESHIEK,157,157  
IA,RINGGOLD,159,159  
IA,SAC,161,161  
IA,SCOTT,163,163  
IA,SHELBY,165,165  
IA,SIOUX,167,167  
IA,STORY,169,169  
IA,TAMA,171,171  
IA,TAYLOR,173,173  
IA,UNION,175,175  
IA,VAN BUREN,177,177  
IA,WAPELLO,179,179  
IA,WARREN,181,181  
IA,WASHINGTON,183,183  
IA,WAYNE,185,185  
IA,WEBSTER,187,187  
IA,WINNEBAGO,189,189  
IA,WINNESHIEK,191,191  
IA,WOODBURY,193,193  
IA,WORTH,195,195  
IA,WRIGHT,197,197  
ID,ADA,001,001  
ID,ADAMS,003,003  
ID,BANNOCK,005,005  
ID,BEAR LAKE,007,007  
ID,BENEWAH,009,009  
ID,BINGHAM,011,011  
ID,BLAINE,013,013  
ID,BOISE,015,015  
ID,BONNER,017,017  
ID,BONNEVILLE,019,019  
ID,BOUNDARY,021,021  
ID,BUTTE,023,023  
ID,CAMAS,025,025  
ID,CANYON,027,027  
ID,CARIBOU,029,029  
ID,CASSIA,031,031  
ID,CLARK,033,033  
ID,CLEARWATER,035,035  
ID,CUSTER,037,037  
ID,ELMORE,039,039  
ID,FRANKLIN,041,041  
ID,FREMONT,043,043  
ID,GEM,045,045  
ID,GOODING,047,047  
ID,IDAHO,049,049  
ID,JEFFERSON,051,051  
ID,JEROME,053,053  
ID,KOOTENAI,055,055  
ID,LATAH,057,057  
ID,LEMHI,059,059  
ID,LEWIS,061,061  
ID,LINCOLN,063,063  
ID,MADISON,065,065  
ID,MINIDOKA,067,067  
ID,NEZ PERCE,069,069  
ID,ONEIDA,071,071  
ID,OWYHEE,073,073  
ID,PAYETTE,075,075  
ID,POWER,077,077  
ID,SHOSHONE,079,079  
ID,TETON,081,081  
ID,TWIN FALLS,083,083  
ID,VALLEY,085,085  
ID,WASHINGTON,087,087  
IL,ADAMS,001,001  
IL,ALEXANDER,003,003  
IL,BOND,005,005  
IL,BOONE,007,007  
IL,BROWN,009,009  
IL,BUREAU,011,011  
IL,CALHOUN,013,013  
IL,CARROLL,015,015  
IL,CASS,017,017  
IL,CHAMPAIGN,019,019  
IL,CHRISTIAN,021,021  
IL,CLARK,023,023  
IL,CLAY,025,025  
IL,CLINTON,027,027  
IL,COLES,029,029  
IL,COOK,031,031  
IL,CRAWFORD,033,033  
IL,CUMBERLAND,035,035  
IL,DEKALB,037,037  
IL,DEWITT,039,039  
IL,DOUGLAS,041,041  
IL,DUPAGE,043,043  
IL,EDGAR,045,045  
IL,EDWARDS,047,047  
IL,EFFINGHAM,049,049  
IL,FAYETTE,051,051  
IL,FORD,053,053  
IL,FRANKLIN,055,055  
IL,FULTON,057,057  
IL,GALLATIN,059,059  
IL,GREENE,061,061  
IL,GRUNDY,063,063  
IL,HAMILTON,065,065  
IL,HANCOCK,067,067  
IL,HARDIN,069,069  
IL,HENDERSON,071,071  
IL,HENRY,073,073  
IL,IROQUOIS,075,075  
IL,JACKSON,077,077  
IL,JASPER,079,079  
IL,JEFFERSON,081,081  
IL,JERSEY,083,083  
IL,JO DAVIESS,085,085  
IL,JOHNSON,087,087  
IL,KANE,089,089  
IL,KANKAKEE,091,091  
IL,KENDALL,093,093  
IL,KNOX,095,095  
IL,LAKE,097,097  
IL,LA SALLE,099,099  
IL,LAWRENCE,101,101  
IL,LEE,103,103  
IL,LIVINGSTON,105,105  
IL,LOGAN,107,107  
IL,MCDONOUGH,109,109  
IL,MCHENRY,111,111  
IL,MCLEAN,113,113  
IL,MACON,115,115  
IL,MACOUPIN,117,117  
IL,MADISON,119,119  
IL,MARION,121,121  
IL,MARSHALL,123,123  
IL,MASON,125,125  
IL,MASSAC,127,127  
IL,MENARD,129,129  
IL,MERCER,131,131  
IL,MONROE,133,133  
IL,MONTGOMERY,135,135  
IL,MORGAN,137,137  
IL,MOULTRIE,139,139  
IL,OGLE,141,141  
IL,PEORIA,143,143  
IL,PERRY,145,145  
IL,PIATT,147,147  
IL,PIKE,149,149  
IL,POPE,151,151  
IL,PULASKI,153,153  
IL,PUTNAM,155,155  
IL,RANDOLPH,157,157  
IL,RICHLAND,159,159  
IL,ROCK ISLAND,161,161  
IL,SAINT CLAIR,163,163  
IL,SALINE,165,165  
IL,SANGAMON,167,167  
IL,SCHUYLER,169,169  
IL,SCOTT,171,171  
IL,SHELBY,173,173  
IL,STARK,175,175  
IL,STEPHENSON,177,177  
IL,TAZEWELL,179,179  
IL,UNION,181,181  
IL,VERMILION,183,183  
IL,WABASH,185,185  
IL,WARREN,187,187  
IL,WASHINGTON,189,189  
IL,WAYNE,191,191  
IL,WHITE,193,193  
IL,WHITESIDE,195,195  
IL,WILL,197,197  
IL,WILLIAMSON,199,199  
IL,WINNEBAGO,201,201  
IL,WOODFORD,203,203  
IN,ADAMS,001,001  
IN,ALLEN,003,003  
IN,BARTHOLOMEW,005,005  
IN,BENTON,007,007  
IN,BLACKFORD,009,009  
IN,BOONE,011,011  
IN,BROWN,013,013  
IN,CARROLL,015,015  
IN,CASS,017,017  
IN,CLARK,019,019  
IN,CLAY,021,021  
IN,CLINTON,023,023  
IN,CRAWFORD,025,025  
IN,DAVIESS,027,027  
IN,DEARBORN,029,029  
IN,DECATUR,031,031  
IN,DE KALB,033,033  
IN,DELAWARE,035,035  
IN,DUBOIS,037,037  
IN,ELKHART,039,039  
IN,FAYETTE,041,041  
IN,FLOYD,043,043  
IN,FOUNTAIN,045,045  
IN,FRANKLIN,047,047  
IN,FULTON,049,049  
IN,GIBSON,051,051  
IN,GRANT,053,053  
IN,GREENE,055,055  
IN,HAMILTON,057,057  
IN,HANCOCK,059,059  
IN,HARRISON,061,061  
IN,HENDRICKS,063,063  
IN,HENRY,065,065  
IN,HOWARD,067,067  
IN,HUNTINGTON,069,069  
IN,JACKSON,071,071  
IN,JASPER,073,073  
IN,JAY,075,075  
IN,JEFFERSON,077,077  
IN,JENNINGS,079,079  
IN,JOHNSON,081,081  
IN,KNOX,083,083  
IN,KOSCIUSKO,085,085  
IN,LAGRANGE,087,087  
IN,LAKE,089,089  
IN,LA PORTE,091,091  
IN,LAWRENCE,093,093  
IN,MADISON,095,095  
IN,MARION,097,097  
IN,MARSHALL,099,099  
IN,MARTIN,101,101  
IN,MIAMI,103,103  
IN,MONROE,105,105  
IN,MONTGOMERY,107,107  
IN,MORGAN,109,109  
IN,NEWTON,111,111  
IN,NOBLE,113,113  
IN,OHIO,115,115  
IN,ORANGE,117,117  
IN,OWEN,119,119  
IN,PARKE,121,121  
IN,PERRY,123,123  
IN,PIKE,125,125  
IN,PORTER,127,127  
IN,POSEY,129,129  
IN,PULASKI,131,131  
IN,PUTNAM,133,133  
IN,RANDOLPH,135,135  
IN,RIPLEY,137,137  
IN,RUSH,139,139  
IN,ST JOSEPH,141,141  
IN,SCOTT,143,143  
IN,SHELBY,145,145  
IN,SPENCER,147,147  
IN,STARKE,149,149  
IN,STEUBEN,151,151  
IN,SULLIVAN,153,153  
IN,SWITZERLAND,155,155  
IN,TIPPECANOE,157,157  
IN,TIPTON,159,159  
IN,UNION,161,161  
IN,VANDERBURGH,163,163  
IN,VERMILLION,165,165  
IN,VIGO,167,167  
IN,WABASH,169,169  
IN,WARREN,171,171  
IN,WARRICK,173,173  
IN,WASHINGTON,175,175  
IN,WAYNE,177,177  
IN,WELLS,179,179  
IN,WHITE,181,181  
IN,WHITLEY,183,183  
KS,ALLEN,001,001  
KS,ANDERSON,003,003  
KS,ATCHISON,005,005  
KS,BARBER,007,007  
KS,BARTON,009,009  
KS,BOURBON,011,011  
KS,BROWN,013,013  
KS,BUTLER,015,015  
KS,CHASE,017,017  
KS,CHAUTAUQUA,019,019  
KS,CHEROKEE,021,021  
KS,CHEYENNE,023,023  
KS,CLARK,025,025  
KS,CLAY,027,027  
KS,CLOUD,029,029  
KS,COFFEY,031,031  
KS,COMANCHE,033,033  
KS,COWLEY,035,035  
KS,CRAWFORD,037,037  
KS,DECATUR,039,039  
KS,DICKINSON,041,041  
KS,DONIPHAN,043,043  
KS,DOUGLAS,045,045  
KS,EDWARDS,047,047  
KS,ELK,049,049  
KS,ELLIS,051,051  
KS,ELLSWORTH,053,053  
KS,FINNEY,055,055  
KS,FORD,057,057  
KS,FRANKLIN,059,059  
KS,GEARY,061,061  
KS,GOVE,063,063  
KS,GRAHAM,065,065  
KS,GRANT,067,067  
KS,GRAY,069,069  
KS,GREELEY,071,071  
KS,GREENWOOD,073,073  
KS,HAMILTON,075,075  
KS,HARPER,077,077  
KS,HARVEY,079,079  
KS,HASKELL,081,081  
KS,HODGEMAN,083,083  
KS,JACKSON,085,085  
KS,JEFFERSON,087,087  
KS,JEWELL,089,089  
KS,JOHNSON,091,091  
KS,KEARNY,093,093  
KS,KINGMAN,095,095  
KS,KIOWA,097,097  
KS,LABETTE,099,099  
KS,LANE,101,101  
KS,LEAVENWORTH,103,103  
KS,LINCOLN,105,105  
KS,LINN,107,107  
KS,LOGAN,109,109  
KS,LYON,111,111  
KS,MCPHERSON,113,113  
KS,MARION,115,115  
KS,MARSHALL,117,117  
KS,MEADE,119,119  
KS,MIAMI,121,121  
KS,MITCHELL,123,123  
KS,MONTGOMERY,125,125  
KS,MORRIS,127,127  
KS,MORTON,129,129  
KS,NEMAHA,131,131  
KS,NEOSHO,133,133  
KS,NESS,135,135  
KS,NORTON,137,137  
KS,OSAGE,139,139  
KS,OSBORNE,141,141  
KS,OTTAWA,143,143  
KS,PAWNEE,145,145  
KS,PHILLIPS,147,147  
KS,POTTAWATOMIE,149,149  
KS,PRATT,151,151  
KS,RAWLINS,153,153  
KS,RENO,155,155  
KS,REPUBLIC,157,157  
KS,RICE,159,159  
KS,RILEY,161,161  
KS,ROOKS,163,163  
KS,RUSH,165,165  
KS,RUSSELL,167,167  
KS,SALINE,169,169  
KS,SCOTT,171,171  
KS,SEDGWICK,173,173  
KS,SEWARD,175,175  
KS,SHAWNEE,177,177  
KS,SHERIDAN,179,179  
KS,SHERMAN,181,181  
KS,SMITH,183,183  
KS,STAFFORD,185,185  
KS,STANTON,187,187  
KS,STEVENS,189,189  
KS,SUMNER,191,191  
KS,THOMAS,193,193  
KS,TREGO,195,195  
KS,WABAUNSEE,197,197  
KS,WALLACE,199,199  
KS,WASHINGTON,201,201  
KS,WICHITA,203,203  
KS,WILSON,205,205  
KS,WOODSON,207,207  
KS,WYANDOTTE,209,209  
KY,ADAIR,001,001  
KY,ALLEN,003,003  
KY,ANDERSON,005,005  
KY,BALLARD,007,007  
KY,BARREN,009,009  
KY,BATH,011,011  
KY,BELL,013,013  
KY,BOONE,015,015  
KY,BOURBON,017,017  
KY,BOYD,019,019  
KY,BOYLE,021,021  
KY,BRACKEN,023,023  
KY,BREATHITT,025,025  
KY,BRECKINRIDGE,027,027  
KY,BULLITT,029,029  
KY,BUTLER,031,031  
KY,CALDWELL,033,033  
KY,CALLOWAY,035,035  
KY,CAMPBELL,037,037  
KY,CARLISLE,039,039  
KY,CARROLL,041,041  
KY,CARTER,043,043  
KY,CASEY,045,045  
KY,CHRISTIAN,047,047  
KY,CLARK,049,049  
KY,CLAY,051,051  
KY,CLINTON,053,053  
KY,CRITTENDEN,055,055  
KY,CUMBERLAND,057,057  
KY,DAVIESS,059,059  
KY,EDMONSON,061,061  
KY,ELLIOTT,063,063  
KY,ESTILL,065,065  
KY,FAYETTE,067,067  
KY,FLEMING,069,069  
KY,FLOYD,071,071  
KY,FRANKLIN,073,073  
KY,FULTON,075,075  
KY,GALLATIN,077,077  
KY,GARRARD,079,079  
KY,GRANT,081,081  
KY,GRAVES,083,083  
KY,GRAYSON,085,085  
KY,GREEN,087,087  
KY,GREENUP,089,089  
KY,HANCOCK,091,091  
KY,HARDIN,093,093  
KY,HARLAN,095,095  
KY,HARRISON,097,097  
KY,HART,099,099  
KY,HENDERSON,101,101  
KY,HENRY,103,103  
KY,HICKMAN,105,105  
KY,HOPKINS,107,107  
KY,JACKSON,109,109  
KY,JEFFERSON,111,111  
KY,JESSAMINE,113,113  
KY,JOHNSON,115,115  
KY,KENTON,117,117  
KY,KNOTT,119,119  
KY,KNOX,121,121  
KY,LARUE,123,123  
KY,LAUREL,125,125  
KY,LAWRENCE,127,127  
KY,LEE,129,129  
KY,LESLIE,131,131  
KY,LETCHER,133,133  
KY,LEWIS,135,135  
KY,LINCOLN,137,137  
KY,LIVINGSTON,139,139  
KY,LOGAN,141,141  
KY,LYON,143,143  
KY,MCCRACKEN,145,145  
KY,MCCREARY,147,147  
KY,MCLEAN,149,149  
KY,MADISON,151,151  
KY,MAGOFFIN,153,153  
KY,MARION,155,155  
KY,MARSHALL,157,157  
KY,MARTIN,159,159  
KY,MASON,161,161  
KY,MEADE,163,163  
KY,MENIFEE,165,165  
KY,MERCER,167,167  
KY,METCALFE,169,169  
KY,MONROE,171,171  
KY,MONTGOMERY,173,173  
KY,MORGAN,175,175  
KY,MUHLENBERG,177,177  
KY,NELSON,179,179  
KY,NICHOLAS,181,181  
KY,OHIO,183,183  
KY,OLDHAM,185,185  
KY,OWEN,187,187  
KY,OWSLEY,189,189  
KY,PENDLETON,191,191  
KY,PERRY,193,193  
KY,PIKE,195,195  
KY,POWELL,197,197  
KY,PULASKI,199,199  
KY,ROBERTSON,201,201  
KY,ROCKCASTLE,203,203  
KY,ROWAN,205,205  
KY,RUSSELL,207,207  
KY,SCOTT,209,209  
KY,SHELBY,211,211  
KY,SIMPSON,213,213  
KY,SPENCER,215,215  
KY,TAYLOR,217,217  
KY,TODD,219,219  
KY,TRIGG,221,221  
KY,TRIMBLE,223,223  
KY,UNION,225,225  
KY,WARREN,227,227  
KY,WASHINGTON,229,229  
KY,WAYNE,231,231  
KY,WEBSTER,233,233  
KY,WHITLEY,235,235  
KY,WOLFE,237,237  
KY,WOODFORD,239,239  
LA,ACADIA,001,001  
LA,ALLEN,003,003  
LA,ASCENSION,005,005  
LA,ASSUMPTION,007,007  
LA,AVOYELLES,009,009  
LA,BEAUREGARD,011,011  
LA,BIENVILLE,013,013  
LA,BOSSIER,015,015  
LA,CADDO,017,017  
LA,CALCASIEU,019,019  
LA,CALDWELL,021,021  
LA,CAMERON,023,023  
LA,CATAHOULA,025,025  
LA,CLAIBORNE,027,027  
LA,CONCORDIA,029,029  
LA,DE SOTO,031,031  
LA,EAST BATON ROUGE,033,033  
LA,EAST CARROLL,035,035  
LA,EAST FELICIANA,037,037  
LA,EVANGELINE,039,039  
LA,FRANKLIN,041,041  
LA,GRANT,043,043  
LA,IBERIA,045,045  
LA,IBERVILLE,047,047  
LA,JACKSON,049,049  
LA,JEFFERSON,051,051  
LA,JEFFERSON DAVIS,053,053  
LA,LAFAYETTE,055,055  
LA,LAFOURCHE,057,057  
LA,LA SALLE,059,059  
LA,LINCOLN,061,061  
LA,LIVINGSTON,063,063  
LA,MADISON,065,065  
LA,MOREHOUSE,067,067  
LA,NATCHITOCHES,069,069  
LA,ORLEANS,071,071  
LA,OUACHITA,073,073  
LA,PLAQUEMINES,075,075  
LA,POINTE COUPEE,077,077  
LA,RAPIDES,079,079  
LA,RED RIVER,081,081  
LA,RICHLAND,083,083  
LA,SABINE,085,085  
LA,SAINT BERNARD,087,087  
LA,SAINT CHARLES,089,089  
LA,SAINT HELENA,091,091  
LA,SAINT JAMES,093,093  
LA,ST JOHN THE BAPTIST,095,095  
LA,SAINT LANDRY,097,097  
LA,SAINT MARTIN,099,099  
LA,SAINT MARY,101,101  
LA,SAINT TAMMANY,103,103  
LA,TANGIPAHOA,105,105  
LA,TENSAS,107,107  
LA,TERREBONNE,109,109  
LA,UNION,111,111  
LA,VERMILION,113,113  
LA,VERNON,115,115  
LA,WASHINGTON,117,117  
LA,WEBSTER,119,119  
LA,WEST BATON ROUGE,121,121  
LA,WEST CARROLL,123,123  
LA,WEST FELICIANA,125,125  
LA,WINN,127,127  
MA,BARNSTABLE,001,001  
MA,BERKSHIRE,003,003  
MA,BRISTOL,005,005  
MA,DUKES,007,007  
MA,ESSEX,009,009  
MA,FRANKLIN,011,011  
MA,HAMPDEN,013,013  
MA,HAMPSHIRE,015,015  
MA,MIDDLESEX,017,017  
MA,NANTUCKET,019,019  
MA,NORFOLK,021,021  
MA,PLYMOUTH,023,023  
MA,SUFFOLK,025,025  
MA,WORCESTER,027,027  
MD,ALLEGANY,001,001  
MD,ANNE ARUNDEL,003,003  
MD,BALTIMORE,005,005  
MD,CALVERT,009,009  
MD,CAROLINE,011,011  
MD,CARROLL,013,013  
MD,CECIL,015,015  
MD,CHARLES,017,017  
MD,DORCHESTER,019,019  
MD,FREDERICK,021,021  
MD,GARRETT,023,023  
MD,HARFORD,025,025  
MD,HOWARD,027,027  
MD,KENT,029,029  
MD,MONTGOMERY,031,031  
MD,PRINCE GEORGES,033,033  
MD,QUEEN ANNES,035,035  
MD,SAINT MARYS,037,037  
MD,SOMERSET,039,039  
MD,TALBOT,041,041  
MD,WASHINGTON,043,043  
MD,WICOMICO,045,045  
MD,WORCESTER,047,047  
MD,BALTIMORE CITY,510,510  
ME,ANDROSCOGGIN,001,001  
ME,AROOSTOOK,003,003  
ME,CUMBERLAND,005,005  
ME,FRANKLIN,007,007  
ME,HANCOCK,009,009  
ME,KENNEBEC,011,011  
ME,KNOX,013,013  
ME,LINCOLN,015,015  
ME,OXFORD,017,017  
ME,PENOBSCOT,019,019  
ME,PISCATAQUIS,021,021  
ME,SAGADAHOC,023,023  
ME,SOMERSET,025,025  
ME,WALDO,027,027  
ME,WASHINGTON,029,029  
ME,YORK,031,031  
MH,MARSHALL ISLANDS,,020  
MI,ALCONA,001,001  
MI,ALGER,003,003  
MI,ALLEGAN,005,005  
MI,ALPENA,007,007  
MI,ANTRIM,009,009  
MI,ARENAC,011,011  
MI,BARAGA,013,013  
MI,BARRY,015,015  
MI,BAY,017,017  
MI,BENZIE,019,019  
MI,BERRIEN,021,021  
MI,BRANCH,023,023  
MI,CALHOUN,025,025  
MI,CASS,027,027  
MI,CHARLEVOIX,029,029  
MI,CHEBOYGAN,031,031  
MI,CHIPPEWA,033,033  
MI,CLARE,035,035  
MI,CLINTON,037,037  
MI,CRAWFORD,039,039  
MI,DELTA,041,041  
MI,DICKINSON,043,043  
MI,EATON,045,045  
MI,EMMET,047,047  
MI,GENESEE,049,049  
MI,GLADWIN,051,051  
MI,GOGEBIC,053,053  
MI,GRAND TRAVERSE,055,055  
MI,GRATIOT,057,057  
MI,HILLSDALE,059,059  
MI,HOUGHTON,061,061  
MI,HURON,063,063  
MI,INGHAM,065,065  
MI,IONIA,067,067  
MI,IOSCO,069,069  
MI,IRON,071,071  
MI,ISABELLA,073,073  
MI,JACKSON,075,075  
MI,KALAMAZOO,077,077  
MI,KALKASKA,079,079  
MI,KENT,081,081  
MI,KEWEENAW,083,083  
MI,LAKE,085,085  
MI,LAPEER,087,087  
MI,LEELANAU,089,089  
MI,LENAWEE,091,091  
MI,LIVINGSTON,093,093  
MI,LUCE,095,095  
MI,MACKINAC,097,097  
MI,MACOMB,099,099  
MI,MANISTEE,101,101  
MI,MARQUETTE,103,103  
MI,MASON,105,105  
MI,MECOSTA,107,107  
MI,MENOMINEE,109,109  
MI,MIDLAND,111,111  
MI,MISSAUKEE,113,113  
MI,MONROE,115,115  
MI,MONTCALM,117,117  
MI,MONTMORENCY,119,119  
MI,MUSKEGON,121,121  
MI,NEWAYGO,123,123  
MI,OAKLAND,125,125  
MI,OCEANA,127,127  
MI,OGEMAW,129,129  
MI,ONTONAGON,131,131  
MI,OSCEOLA,133,133  
MI,OSCODA,135,135  
MI,OTSEGO,137,137  
MI,OTTAWA,139,139  
MI,PRESQUE ISLE,141,141  
MI,ROSCOMMON,143,143  
MI,SAGINAW,145,145  
MI,SAINT CLAIR,147,147  
MI,SAINT JOSEPH,149,149  
MI,SANILAC,151,151  
MI,SCHOOLCRAFT,153,153  
MI,SHIAWASSEE,155,155  
MI,TUSCOLA,157,157  
MI,VAN BUREN,159,159  
MI,WASHTENAW,161,161  
MI,WAYNE,163,163  
MI,WEXFORD,165,165  
MN,AITKIN,001,001  
MN,ANOKA,003,003  
MN,BECKER,005,005  
MN,BELTRAMI,007,007  
MN,BENTON,009,009  
MN,BIG STONE,011,011  
MN,BLUE EARTH,013,013  
MN,BROWN,015,015  
MN,CARLTON,017,017  
MN,CARVER,019,019  
MN,CASS,021,021  
MN,CHIPPEWA,023,023  
MN,CHISAGO,025,025  
MN,CLAY,027,027  
MN,CLEARWATER,029,029  
MN,COOK,031,031  
MN,COTTONWOOD,033,033  
MN,CROW WING,035,035  
MN,DAKOTA,037,037  
MN,DODGE,039,039  
MN,DOUGLAS,041,041  
MN,FARIBAULT,043,043  
MN,FILLMORE,045,045  
MN,FREEBORN,047,047  
MN,GOODHUE,049,049  
MN,GRANT,051,051  
MN,HENNEPIN,053,053  
MN,HOUSTON,055,055  
MN,HUBBARD,057,057  
MN,ISANTI,059,059  
MN,ITASCA,061,061  
MN,JACKSON,063,063  
MN,KANABEC,065,065  
MN,KANDIYOHI,067,067  
MN,KITTSON,069,069  
MN,KOOCHICHING,071,071  
MN,LAC QUI PARLE,073,073  
MN,LAKE,075,075  
MN,LAKE OF THE WOODS,077,077  
MN,LE SUEUR,079,079  
MN,LINCOLN,081,081  
MN,LYON,083,083  
MN,MCLEOD,085,085  
MN,MAHNOMEN,087,087  
MN,MARSHALL,089,089  
MN,MARTIN,091,091  
MN,MEEKER,093,093  
MN,MILLE LACS,095,095  
MN,MORRISON,097,097  
MN,MOWER,099,099  
MN,MURRAY,101,101  
MN,NICOLLET,103,103  
MN,NOBLES,105,105  
MN,NORMAN,107,107  
MN,OLMSTED,109,109  
MN,OTTER TAIL,111,111  
MN,PENNINGTON,113,113  
MN,PINE,115,115  
MN,PIPESTONE,117,117  
MN,POLK,119,119  
MN,POPE,121,121  
MN,RAMSEY,123,123  
MN,RED LAKE,125,125  
MN,REDWOOD,127,127  
MN,RENVILLE,129,129  
MN,RICE,131,131  
MN,ROCK,133,133  
MN,ROSEAU,135,135  
MN,SAINT LOUIS,137,137  
MN,SCOTT,139,139  
MN,SHERBURNE,141,141  
MN,SIBLEY,143,143  
MN,STEARNS,145,145  
MN,STEELE,147,147  
MN,STEVENS,149,149  
MN,SWIFT,151,151  
MN,TODD,153,153  
MN,TRAVERSE,155,155  
MN,WABASHA,157,157  
MN,WADENA,159,159  
MN,WASECA,161,161  
MN,WASHINGTON,163,163  
MN,WATONWAN,165,165  
MN,WILKIN,167,167  
MN,WINONA,169,169  
MN,WRIGHT,171,171  
MN,YELLOW MEDICINE,173,173  
MO,ADAIR,001,001  
MO,ANDREW,003,003  
MO,ATCHISON,005,005  
MO,AUDRAIN,007,007  
MO,BARRY,009,009  
MO,BARTON,011,011  
MO,BATES,013,013  
MO,BENTON,015,015  
MO,BOLLINGER,017,017  
MO,BOONE,019,019  
MO,BUCHANAN,021,021  
MO,BUTLER,023,023  
MO,CALDWELL,025,025  
MO,CALLAWAY,027,027  
MO,CAMDEN,029,029  
MO,CAPE GIRARDEAU,031,031  
MO,CARROLL,033,033  
MO,CARTER,035,035  
MO,CASS,037,037  
MO,CEDAR,039,039  
MO,CHARITON,041,041  
MO,CHRISTIAN,043,043  
MO,CLARK,045,045  
MO,CLAY,047,047  
MO,CLINTON,049,049  
MO,COLE,051,051  
MO,COOPER,053,053  
MO,CRAWFORD,055,055  
MO,DADE,057,057  
MO,DALLAS,059,059  
MO,DAVIESS,061,061  
MO,DEKALB,063,063  
MO,DENT,065,065  
MO,DOUGLAS,067,067  
MO,DUNKLIN,069,069  
MO,FRANKLIN,071,071  
MO,GASCONADE,073,073  
MO,GENTRY,075,075  
MO,GREENE,077,077  
MO,GRUNDY,079,079  
MO,HARRISON,081,081  
MO,HENRY,083,083  
MO,HICKORY,085,085  
MO,HOLT,087,087  
MO,HOWARD,089,089  
MO,HOWELL,091,091  
MO,IRON,093,093  
MO,JACKSON,095,095  
MO,JASPER,097,097  
MO,JEFFERSON,099,099  
MO,JOHNSON,101,101  
MO,KNOX,103,103  
MO,LACLEDE,105,105  
MO,LAFAYETTE,107,107  
MO,LAWRENCE,109,109  
MO,LEWIS,111,111  
MO,LINCOLN,113,113  
MO,LINN,115,115  
MO,LIVINGSTON,117,117  
MO,MCDONALD,119,119  
MO,MACON,121,121  
MO,MADISON,123,123  
MO,MARIES,125,125  
MO,MARION,127,127  
MO,MERCER,129,129  
MO,MILLER,131,131  
MO,MISSISSIPPI,133,133  
MO,MONITEAU,135,135  
MO,MONROE,137,137  
MO,MONTGOMERY,139,139  
MO,MORGAN,141,141  
MO,NEW MADRID,143,143  
MO,NEWTON,145,145  
MO,NODAWAY,147,147  
MO,OREGON,149,149  
MO,OSAGE,151,151  
MO,OZARK,153,153  
MO,PEMISCOT,155,155  
MO,PERRY,157,157  
MO,PETTIS,159,159  
MO,PHELPS,161,161  
MO,PIKE,163,163  
MO,PLATTE,165,165  
MO,POLK,167,167  
MO,PULASKI,169,169  
MO,PUTNAM,171,171  
MO,RALLS,173,173  
MO,RANDOLPH,175,175  
MO,RAY,177,177  
MO,REYNOLDS,179,179  
MO,RIPLEY,181,181  
MO,SAINT CHARLES,183,183  
MO,SAINT CLAIR,185,185  
MO,SAINTE GENEVIEVE,186,186  
MO,SAINT FRANCOIS,187,187  
MO,SAINT LOUIS,189,189  
MO,SALINE,195,195  
MO,SCHUYLER,197,197  
MO,SCOTLAND,199,199  
MO,SCOTT,201,201  
MO,SHANNON,203,203  
MO,SHELBY,205,205  
MO,STODDARD,207,207  
MO,STONE,209,209  
MO,SULLIVAN,211,211  
MO,TANEY,213,213  
MO,TEXAS,215,215  
MO,VERNON,217,217  
MO,WARREN,219,219  
MO,WASHINGTON,221,221  
MO,WAYNE,223,223  
MO,WEBSTER,225,225  
MO,WORTH,227,227  
MO,WRIGHT,229,229  
MO,SAINT LOUIS CITY,510,510  
MP,NORTHERN MARIANA ISLANDS,,010  
MS,ADAMS,001,001  
MS,ALCORN,003,003  
MS,AMITE,005,005  
MS,ATTALA,007,007  
MS,BENTON,009,009  
MS,BOLIVAR,011,011  
MS,CALHOUN,013,013  
MS,CARROLL,015,015  
MS,CHICKASAW,017,017  
MS,CHOCTAW,019,019  
MS,CLAIBORNE,021,021  
MS,CLARKE,023,023  
MS,CLAY,025,025  
MS,COAHOMA,027,027  
MS,COPIAH,029,029  
MS,COVINGTON,031,031  
MS,DESOTO,033,033  
MS,FORREST,035,035  
MS,FRANKLIN,037,037  
MS,GEORGE,039,039  
MS,GREENE,041,041  
MS,GRENADA,043,043  
MS,HANCOCK,045,045  
MS,HARRISON,047,047  
MS,HINDS,049,049  
MS,HOLMES,051,051  
MS,HUMPHREYS,053,053  
MS,ISSAQUENA,055,055  
MS,ITAWAMBA,057,057  
MS,JACKSON,059,059  
MS,JASPER,061,061  
MS,JEFFERSON,063,063  
MS,JEFFERSON DAVIS,065,065  
MS,JONES,067,067  
MS,KEMPER,069,069  
MS,LAFAYETTE,071,071  
MS,LAMAR,073,073  
MS,LAUDERDALE,075,075  
MS,LAWRENCE,077,077  
MS,LEAKE,079,079  
MS,LEE,081,081  
MS,LEFLORE,083,083  
MS,LINCOLN,085,085  
MS,LOWNDES,087,087  
MS,MADISON,089,089  
MS,MARION,091,091  
MS,MARSHALL,093,093  
MS,MONROE,095,095  
MS,MONTGOMERY,097,097  
MS,NESHOBA,099,099  
MS,NEWTON,101,101  
MS,NOXUBEE,103,103  
MS,OKTIBBEHA,105,105  
MS,PANOLA,107,107  
MS,PEARL RIVER,109,109  
MS,PERRY,111,111  
MS,PIKE,113,113  
MS,PONTOTOC,115,115  
MS,PRENTISS,117,117  
MS,QUITMAN,119,119  
MS,RANKIN,121,121  
MS,SCOTT,123,123  
MS,SHARKEY,125,125  
MS,SIMPSON,127,127  
MS,SMITH,129,129  
MS,STONE,131,131  
MS,SUNFLOWER,133,133  
MS,TALLAHATCHIE,135,135  
MS,TATE,137,137  
MS,TIPPAH,139,139  
MS,TISHOMINGO,141,141  
MS,TUNICA,143,143  
MS,UNION,145,145  
MS,WALTHALL,147,147  
MS,WARREN,149,149  
MS,WASHINGTON,151,151  
MS,WAYNE,153,153  
MS,WEBSTER,155,155  
MS,WILKINSON,157,157  
MS,WINSTON,159,159  
MS,YALOBUSHA,161,161  
MS,YAZOO,163,163  
MT,BEAVERHEAD,001,001  
MT,BIG HORN,003,003  
MT,BLAINE,005,005  
MT,BROADWATER,007,007  
MT,CARBON,009,009  
MT,CARTER,011,011  
MT,CASCADE,013,013  
MT,CHOUTEAU,015,015  
MT,CUSTER,017,017  
MT,DANIELS,019,019  
MT,DAWSON,021,021  
MT,DEER LODGE,023,023  
MT,FALLON,025,025  
MT,FERGUS,027,027  
MT,FLATHEAD,029,029  
MT,GALLATIN,031,031  
MT,GARFIELD,033,033  
MT,GLACIER,035,035  
MT,GOLDEN VALLEY,037,037  
MT,GRANITE,039,039  
MT,HILL,041,041  
MT,JEFFERSON,043,043  
MT,JUDITH BASIN,045,045  
MT,LAKE,047,047  
MT,LEWIS AND CLARK,049,049  
MT,LIBERTY,051,051  
MT,LINCOLN,053,053  
MT,MCCONE,055,055  
MT,MADISON,057,057  
MT,MEAGHER,059,059  
MT,MINERAL,061,061  
MT,MISSOULA,063,063  
MT,MUSSELSHELL,065,065  
MT,PARK,067,067  
MT,PETROLEUM,069,069  
MT,PHILLIPS,071,071  
MT,PONDERA,073,073  
MT,POWDER RIVER,075,075  
MT,POWELL,077,077  
MT,PRAIRIE,079,079  
MT,RAVALLI,081,081  
MT,RICHLAND,083,083  
MT,ROOSEVELT,085,085  
MT,ROSEBUD,087,087  
MT,SANDERS,089,089  
MT,SHERIDAN,091,091  
MT,SILVER BOW,093,093  
MT,STILLWATER,095,095  
MT,SWEET GRASS,097,097  
MT,TETON,099,099  
MT,TOOLE,101,101  
MT,TREASURE,103,103  
MT,VALLEY,105,105  
MT,WHEATLAND,107,107  
MT,WIBAUX,109,109  
MT,YELLOWSTONE,111,111  
NC,ALAMANCE,001,001  
NC,ALEXANDER,003,003  
NC,ALLEGHANY,005,005  
NC,ANSON,007,007  
NC,ASHE,009,009  
NC,AVERY,011,011  
NC,BEAUFORT,013,013  
NC,BERTIE,015,015  
NC,BLADEN,017,017  
NC,BRUNSWICK,019,019  
NC,BUNCOMBE,021,021  
NC,BURKE,023,023  
NC,CABARRUS,025,025  
NC,CALDWELL,027,027  
NC,CAMDEN,029,029  
NC,CARTERET,031,031  
NC,CASWELL,033,033  
NC,CATAWBA,035,035  
NC,CHATHAM,037,037  
NC,CHEROKEE,039,039  
NC,CHOWAN,041,041  
NC,CLAY,043,043  
NC,CLEVELAND,045,045  
NC,COLUMBUS,047,047  
NC,CRAVEN,049,049  
NC,CUMBERLAND,051,051  
NC,CURRITUCK,053,053  
NC,DARE,055,055  
NC,DAVIDSON,057,057  
NC,DAVIE,059,059  
NC,DUPLIN,061,061  
NC,DURHAM,063,063  
NC,EDGECOMBE,065,065  
NC,FORSYTH,067,067  
NC,FRANKLIN,069,069  
NC,GASTON,071,071  
NC,GATES,073,073  
NC,GRAHAM,075,075  
NC,GRANVILLE,077,077  
NC,GREENE,079,079  
NC,GUILFORD,081,081  
NC,HALIFAX,083,083  
NC,HARNETT,085,085  
NC,HAYWOOD,087,087  
NC,HENDERSON,089,089  
NC,HERTFORD,091,091  
NC,HOKE,093,093  
NC,HYDE,095,095  
NC,IREDELL,097,097  
NC,JACKSON,099,099  
NC,JOHNSTON,101,101  
NC,JONES,103,103  
NC,LEE,105,105  
NC,LENOIR,107,107  
NC,LINCOLN,109,109  
NC,MCDOWELL,111,111  
NC,MACON,113,113  
NC,MADISON,115,115  
NC,MARTIN,117,117  
NC,MECKLENBURG,119,119  
NC,MITCHELL,121,121  
NC,MONTGOMERY,123,123  
NC,MOORE,125,125  
NC,NASH,127,127  
NC,NEW HANOVER,129,129  
NC,NORTHAMPTON,131,131  
NC,ONSLOW,133,133  
NC,ORANGE,135,135  
NC,PAMLICO,137,137  
NC,PASQUOTANK,139,139  
NC,PENDER,141,141  
NC,PERQUIMANS,143,143  
NC,PERSON,145,145  
NC,PITT,147,147  
NC,POLK,149,149  
NC,RANDOLPH,151,151  
NC,RICHMOND,153,153  
NC,ROBESON,155,155  
NC,ROCKINGHAM,157,157  
NC,ROWAN,159,159  
NC,RUTHERFORD,161,161  
NC,SAMPSON,163,163  
NC,SCOTLAND,165,165  
NC,STANLY,167,167  
NC,STOKES,169,169  
NC,SURRY,171,171  
NC,SWAIN,173,173  
NC,TRANSYLVANIA,175,175  
NC,TYRRELL,177,177  
NC,UNION,179,179  
NC,VANCE,181,181  
NC,WAKE,183,183  
NC,WARREN,185,185  
NC,WASHINGTON,187,187  
NC,WATAUGA,189,189  
NC,WAYNE,191,191  
NC,WILKES,193,193  
NC,WILSON,195,195  
NC,YADKIN,197,197  
NC,YANCEY,199,199  
ND,ADAMS,001,001  
ND,BARNES,003,003  
ND,BENSON,005,005  
ND,BILLINGS,007,007  
ND,BOTTINEAU,009,009  
ND,BOWMAN,011,011  
ND,BURKE,013,013  
ND,BURLEIGH,015,015  
ND,CASS,017,017  
ND,CAVALIER,019,019  
ND,DICKEY,021,021  
ND,DIVIDE,023,023  
ND,DUNN,025,025  
ND,EDDY,027,027  
ND,EMMONS,029,029  
ND,FOSTER,031,031  
ND,GOLDEN VALLEY,033,033  
ND,GRAND FORKS,035,035  
ND,GRANT,037,037  
ND,GRIGGS,039,039  
ND,HETTINGER,041,041  
ND,KIDDER,043,043  
ND,LAMOURE,045,045  
ND,LOGAN,047,047  
ND,MCHENRY,049,049  
ND,MCINTOSH,051,051  
ND,MCKENZIE,053,053  
ND,MCLEAN,055,055  
ND,MERCER,057,057  
ND,MORTON,059,059  
ND,MOUNTRAIL,061,061  
ND,NELSON,063,063  
ND,OLIVER,065,065  
ND,PEMBINA,067,067  
ND,PIERCE,069,069  
ND,RAMSEY,071,071  
ND,RANSOM,073,073  
ND,RENVILLE,075,075  
ND,RICHLAND,077,077  
ND,ROLETTE,079,079  
ND,SARGENT,081,081  
ND,SHERIDAN,083,083  
ND,SIOUX,085,085  
ND,SLOPE,087,087  
ND,STARK,089,089  
ND,STEELE,091,091  
ND,STUTSMAN,093,093  
ND,TOWNER,095,095  
ND,TRAILL,097,097  
ND,WALSH,099,099  
ND,WARD,101,101  
ND,WELLS,103,103  
ND,WILLIAMS,105,105  
NE,ADAMS,001,001  
NE,ANTELOPE,003,003  
NE,ARTHUR,005,005  
NE,BANNER,007,007  
NE,BLAINE,009,009  
NE,BOONE,011,011  
NE,BOX BUTTE,013,013  
NE,BOYD,015,015  
NE,BROWN,017,017  
NE,BUFFALO,019,019  
NE,BURT,021,021  
NE,BUTLER,023,023  
NE,CASS,025,025  
NE,CEDAR,027,027  
NE,CHASE,029,029  
NE,CHERRY,031,031  
NE,CHEYENNE,033,033  
NE,CLAY,035,035  
NE,COLFAX,037,037  
NE,CUMING,039,039  
NE,CUSTER,041,041  
NE,DAKOTA,043,043  
NE,DAWES,045,045  
NE,DAWSON,047,047  
NE,DEUEL,049,049  
NE,DIXON,051,051  
NE,DODGE,053,053  
NE,DOUGLAS,055,055  
NE,DUNDY,057,057  
NE,FILLMORE,059,059  
NE,FRANKLIN,061,061  
NE,FRONTIER,063,063  
NE,FURNAS,065,065  
NE,GAGE,067,067  
NE,GARDEN,069,069  
NE,GARFIELD,071,071  
NE,GOSPER,073,073  
NE,GRANT,075,075  
NE,GREELEY,077,077  
NE,HALL,079,079  
NE,HAMILTON,081,081  
NE,HARLAN,083,083  
NE,HAYES,085,085  
NE,HITCHCOCK,087,087  
NE,HOLT,089,089  
NE,HOOKER,091,091  
NE,HOWARD,093,093  
NE,JEFFERSON,095,095  
NE,JOHNSON,097,097  
NE,KEARNEY,099,099  
NE,KEITH,101,101  
NE,KEYA PAHA,103,103  
NE,KIMBALL,105,105  
NE,KNOX,107,107  
NE,LANCASTER,109,109  
NE,LINCOLN,111,111  
NE,LOGAN,113,113  
NE,LOUP,115,115  
NE,MCPHERSON,117,117  
NE,MADISON,119,119  
NE,MERRICK,121,121  
NE,MORRILL,123,123  
NE,NANCE,125,125  
NE,NEMAHA,127,127  
NE,NUCKOLLS,129,129  
NE,OTOE,131,131  
NE,PAWNEE,133,133  
NE,PERKINS,135,135  
NE,PHELPS,137,137  
NE,PIERCE,139,139  
NE,PLATTE,141,141  
NE,POLK,143,143  
NE,RED WILLOW,145,145  
NE,RICHARDSON,147,147  
NE,ROCK,149,149  
NE,SALINE,151,151  
NE,SARPY,153,153  
NE,SAUNDERS,155,155  
NE,SCOTTS BLUFF,157,157  
NE,SEWARD,159,159  
NE,SHERIDAN,161,161  
NE,SHERMAN,163,163  
NE,SIOUX,165,165  
NE,STANTON,167,167  
NE,THAYER,169,169  
NE,THOMAS,171,171  
NE,THURSTON,173,173  
NE,VALLEY,175,175  
NE,WASHINGTON,177,177  
NE,WAYNE,179,179  
NE,WEBSTER,181,181  
NE,WHEELER,183,183  
NE,YORK,185,185  
NH,BELKNAP,001,001  
NH,CARROLL,003,003  
NH,CHESHIRE,005,005  
NH,COOS,007,007  
NH,GRAFTON,009,009  
NH,HILLSBOROUGH,011,011  
NH,MERRIMACK,013,013  
NH,ROCKINGHAM,015,015  
NH,STRAFFORD,017,017  
NH,SULLIVAN,019,019  
NJ,ATLANTIC,001,001  
NJ,BERGEN,003,003  
NJ,BURLINGTON,005,005  
NJ,CAMDEN,007,007  
NJ,CAPE MAY,009,009  
NJ,CUMBERLAND,011,011  
NJ,ESSEX,013,013  
NJ,GLOUCESTER,015,015  
NJ,HUDSON,017,017  
NJ,HUNTERDON,019,019  
NJ,MERCER,021,021  
NJ,MIDDLESEX,023,023  
NJ,MONMOUTH,025,025  
NJ,MORRIS,027,027  
NJ,OCEAN,029,029  
NJ,PASSAIC,031,031  
NJ,SALEM,033,033  
NJ,SOMERSET,035,035  
NJ,SUSSEX,037,037  
NJ,UNION,039,039  
NJ,WARREN,041,041  
NM,BERNALILLO,001,001  
NM,CATRON,003,003  
NM,CHAVES,005,005  
NM,CIBOLA,006,006  
NM,COLFAX,007,007  
NM,CURRY,009,009  
NM,DE BACA,011,011  
NM,DONA ANA,013,013  
NM,EDDY,015,015  
NM,GRANT,017,017  
NM,GUADALUPE,019,019  
NM,HARDING,021,021  
NM,HIDALGO,023,023  
NM,LEA,025,025  
NM,LINCOLN,027,027  
NM,LOS ALAMOS,028,028  
NM,LUNA,029,029  
NM,MCKINLEY,031,031  
NM,MORA,033,033  
NM,OTERO,035,035  
NM,QUAY,037,037  
NM,RIO ARRIBA,039,039  
NM,ROOSEVELT,041,041  
NM,SANDOVAL,043,043  
NM,SAN JUAN,045,045  
NM,SAN MIGUEL,047,047  
NM,SANTA FE,049,049  
NM,SIERRA,051,051  
NM,SOCORRO,053,053  
NM,TAOS,055,055  
NM,TORRANCE,057,057  
NM,UNION,059,059  
NM,VALENCIA,061,061  
NV,CHURCHILL,001,001  
NV,CLARK,003,003  
NV,DOUGLAS,005,005  
NV,ELKO,007,007  
NV,ESMERALDA,009,009  
NV,EUREKA,011,011  
NV,HUMBOLDT,013,013  
NV,LANDER,015,015  
NV,LINCOLN,017,017  
NV,LYON,019,019  
NV,MINERAL,021,021  
NV,NYE,023,023  
NV,PERSHING,027,027  
NV,STOREY,029,029  
NV,WASHOE,031,031  
NV,WHITE PINE,033,033  
NV,CARSON CITY,510,510  
NY,ALBANY,001,001  
NY,ALLEGANY,003,003  
NY,BRONX,005,005  
NY,BROOME,007,007  
NY,CATTARAUGUS,009,009  
NY,CAYUGA,011,011  
NY,CHAUTAUQUA,013,013  
NY,CHEMUNG,015,015  
NY,CHENANGO,017,017  
NY,CLINTON,019,019  
NY,COLUMBIA,021,021  
NY,CORTLAND,023,023  
NY,DELAWARE,025,025  
NY,DUTCHESS,027,027  
NY,ERIE,029,029  
NY,ESSEX,031,031  
NY,FRANKLIN,033,033  
NY,FULTON,035,035  
NY,GENESEE,037,037  
NY,GREENE,039,039  
NY,HAMILTON,041,041  
NY,HERKIMER,043,043  
NY,JEFFERSON,045,045  
NY,KINGS,047,047  
NY,LEWIS,049,049  
NY,LIVINGSTON,051,051  
NY,MADISON,053,053  
NY,MONROE,055,055  
NY,MONTGOMERY,057,057  
NY,NASSAU,059,059  
NY,NEW YORK,061,061  
NY,NIAGARA,063,063  
NY,ONEIDA,065,065  
NY,ONONDAGA,067,067  
NY,ONTARIO,069,069  
NY,ORANGE,071,071  
NY,ORLEANS,073,073  
NY,OSWEGO,075,075  
NY,OTSEGO,077,077  
NY,PUTNAM,079,079  
NY,QUEENS,081,081  
NY,RENSSELAER,083,083  
NY,RICHMOND,085,085  
NY,ROCKLAND,087,087  
NY,SAINT LAWRENCE,089,089  
NY,SARATOGA,091,091  
NY,SCHENECTADY,093,093  
NY,SCHOHARIE,095,095  
NY,SCHUYLER,097,097  
NY,SENECA,099,099  
NY,STEUBEN,101,101  
NY,SUFFOLK,103,103  
NY,SULLIVAN,105,105  
NY,TIOGA,107,107  
NY,TOMPKINS,109,109  
NY,ULSTER,111,111  
NY,WARREN,113,113  
NY,WASHINGTON,115,115  
NY,WAYNE,117,117  
NY,WESTCHESTER,119,119  
NY,WYOMING,121,121  
NY,YATES,123,123  
OH,ADAMS,001,001  
OH,ALLEN,003,003  
OH,ASHLAND,005,005  
OH,ASHTABULA,007,007  
OH,ATHENS,009,009  
OH,AUGLAIZE,011,011  
OH,BELMONT,013,013  
OH,BROWN,015,015  
OH,BUTLER,017,017  
OH,CARROLL,019,019  
OH,CHAMPAIGN,021,021  
OH,CLARK,023,023  
OH,CLERMONT,025,025  
OH,CLINTON,027,027  
OH,COLUMBIANA,029,029  
OH,COSHOCTON,031,031  
OH,CRAWFORD,033,033  
OH,CUYAHOGA,035,035  
OH,DARKE,037,037  
OH,DEFIANCE,039,039  
OH,DELAWARE,041,041  
OH,ERIE,043,043  
OH,FAIRFIELD,045,045  
OH,FAYETTE,047,047  
OH,FRANKLIN,049,049  
OH,FULTON,051,051  
OH,GALLIA,053,053  
OH,GEAUGA,055,055  
OH,GREENE,057,057  
OH,GUERNSEY,059,059  
OH,HAMILTON,061,061  
OH,HANCOCK,063,063  
OH,HARDIN,065,065  
OH,HARRISON,067,067  
OH,HENRY,069,069  
OH,HIGHLAND,071,071  
OH,HOCKING,073,073  
OH,HOLMES,075,075  
OH,HURON,077,077  
OH,JACKSON,079,079  
OH,JEFFERSON,081,081  
OH,KNOX,083,083  
OH,LAKE,085,085  
OH,LAWRENCE,087,087  
OH,LICKING,089,089  
OH,LOGAN,091,091  
OH,LORAIN,093,093  
OH,LUCAS,095,095  
OH,MADISON,097,097  
OH,MAHONING,099,099  
OH,MARION,101,101  
OH,MEDINA,103,103  
OH,MEIGS,105,105  
OH,MERCER,107,107  
OH,MIAMI,109,109  
OH,MONROE,111,111  
OH,MONTGOMERY,113,113  
OH,MORGAN,115,115  
OH,MORROW,117,117  
OH,MUSKINGUM,119,119  
OH,NOBLE,121,121  
OH,OTTAWA,123,123  
OH,PAULDING,125,125  
OH,PERRY,127,127  
OH,PICKAWAY,129,129  
OH,PIKE,131,131  
OH,PORTAGE,133,133  
OH,PREBLE,135,135  
OH,PUTNAM,137,137  
OH,RICHLAND,139,139  
OH,ROSS,141,141  
OH,SANDUSKY,143,143  
OH,SCIOTO,145,145  
OH,SENECA,147,147  
OH,SHELBY,149,149  
OH,STARK,151,151  
OH,SUMMIT,153,153  
OH,TRUMBULL,155,155  
OH,TUSCARAWAS,157,157  
OH,UNION,159,159  
OH,VAN WERT,161,161  
OH,VINTON,163,163  
OH,WARREN,165,165  
OH,WASHINGTON,167,167  
OH,WAYNE,169,169  
OH,WILLIAMS,171,171  
OH,WOOD,173,173  
OH,WYANDOT,175,175  
OK,ADAIR,001,001  
OK,ALFALFA,003,003  
OK,ATOKA,005,005  
OK,BEAVER,007,007  
OK,BECKHAM,009,009  
OK,BLAINE,011,011  
OK,BRYAN,013,013  
OK,CADDO,015,015  
OK,CANADIAN,017,017  
OK,CARTER,019,019  
OK,CHEROKEE,021,021  
OK,CHOCTAW,023,023  
OK,CIMARRON,025,025  
OK,CLEVELAND,027,027  
OK,COAL,029,029  
OK,COMANCHE,031,031  
OK,COTTON,033,033  
OK,CRAIG,035,035  
OK,CREEK,037,037  
OK,CUSTER,039,039  
OK,DELAWARE,041,041  
OK,DEWEY,043,043  
OK,ELLIS,045,045  
OK,GARFIELD,047,047  
OK,GARVIN,049,049  
OK,GRADY,051,051  
OK,GRANT,053,053  
OK,GREER,055,055  
OK,HARMON,057,057  
OK,HARPER,059,059  
OK,HASKELL,061,061  
OK,HUGHES,063,063  
OK,JACKSON,065,065  
OK,JEFFERSON,067,067  
OK,JOHNSTON,069,069  
OK,KAY,071,071  
OK,KINGFISHER,073,073  
OK,KIOWA,075,075  
OK,LATIMER,077,077  
OK,LE FLORE,079,079  
OK,LINCOLN,081,081  
OK,LOGAN,083,083  
OK,LOVE,085,085  
OK,MCCLAIN,087,087  
OK,MCCURTAIN,089,089  
OK,MCINTOSH,091,091  
OK,MAJOR,093,093  
OK,MARSHALL,095,095  
OK,MAYES,097,097  
OK,MURRAY,099,099  
OK,MUSKOGEE,101,101  
OK,NOBLE,103,103  
OK,NOWATA,105,105  
OK,OKFUSKEE,107,107  
OK,OKLAHOMA,109,109  
OK,OKMULGEE,111,111  
OK,OSAGE,113,113  
OK,OTTAWA,115,115  
OK,PAWNEE,117,117  
OK,PAYNE,119,119  
OK,PITTSBURG,121,121  
OK,PONTOTOC,123,123  
OK,POTTAWATOMIE,125,125  
OK,PUSHMATAHA,127,127  
OK,ROGER MILLS,129,129  
OK,ROGERS,131,131  
OK,SEMINOLE,133,133  
OK,SEQUOYAH,135,135  
OK,STEPHENS,137,137  
OK,TEXAS,139,139  
OK,TILLMAN,141,141  
OK,TULSA,143,143  
OK,WAGONER,145,145  
OK,WASHINGTON,147,147  
OK,WASHITA,149,149  
OK,WOODS,151,151  
OK,WOODWARD,153,153  
OR,BAKER,001,001  
OR,BENTON,003,003  
OR,CLACKAMAS,005,005  
OR,CLATSOP,007,007  
OR,COLUMBIA,009,009  
OR,COOS,011,011  
OR,CROOK,013,013  
OR,CURRY,015,015  
OR,DESCHUTES,017,017  
OR,DOUGLAS,019,019  
OR,GILLIAM,021,021  
OR,GRANT,023,023  
OR,HARNEY,025,025  
OR,HOOD RIVER,027,027  
OR,JACKSON,029,029  
OR,JEFFERSON,031,031  
OR,JOSEPHINE,033,033  
OR,KLAMATH,035,035  
OR,LAKE,037,037  
OR,LANE,039,039  
OR,LINCOLN,041,041  
OR,LINN,043,043  
OR,MALHEUR,045,045  
OR,MARION,047,047  
OR,MORROW,049,049  
OR,MULTNOMAH,051,051  
OR,POLK,053,053  
OR,SHERMAN,055,055  
OR,TILLAMOOK,057,057  
OR,UMATILLA,059,059  
OR,UNION,061,061  
OR,WALLOWA,063,063  
OR,WASCO,065,065  
OR,WASHINGTON,067,067  
OR,WHEELER,069,069  
OR,YAMHILL,071,071  
PA,ADAMS,001,001  
PA,ALLEGHENY,003,003  
PA,ARMSTRONG,005,005  
PA,BEAVER,007,007  
PA,BEDFORD,009,009  
PA,BERKS,011,011  
PA,BLAIR,013,013  
PA,BRADFORD,015,015  
PA,BUCKS,017,017  
PA,BUTLER,019,019  
PA,CAMBRIA,021,021  
PA,CAMERON,023,023  
PA,CARBON,025,025  
PA,CENTRE,027,027  
PA,CHESTER,029,029  
PA,CLARION,031,031  
PA,CLEARFIELD,033,033  
PA,CLINTON,035,035  
PA,COLUMBIA,037,037  
PA,CRAWFORD,039,039  
PA,CUMBERLAND,041,041  
PA,DAUPHIN,043,043  
PA,DELAWARE,045,045  
PA,ELK,047,047  
PA,ERIE,049,049  
PA,FAYETTE,051,051  
PA,FOREST,053,053  
PA,FRANKLIN,055,055  
PA,FULTON,057,057  
PA,GREENE,059,059  
PA,HUNTINGDON,061,061  
PA,INDIANA,063,063  
PA,JEFFERSON,065,065  
PA,JUNIATA,067,067  
PA,LACKAWANNA,069,069  
PA,LANCASTER,071,071  
PA,LAWRENCE,073,073  
PA,LEBANON,075,075  
PA,LEHIGH,077,077  
PA,LUZERNE,079,079  
PA,LYCOMING,081,081  
PA,MCKEAN,083,083  
PA,MERCER,085,085  
PA,MIFFLIN,087,087  
PA,MONROE,089,089  
PA,MONTGOMERY,091,091  
PA,MONTOUR,093,093  
PA,NORTHAMPTON,095,095  
PA,NORTHUMBERLAND,097,097  
PA,PERRY,099,099  
PA,PHILADELPHIA,101,101  
PA,PIKE,103,103  
PA,POTTER,105,105  
PA,SCHUYLKILL,107,107  
PA,SNYDER,109,109  
PA,SOMERSET,111,111  
PA,SULLIVAN,113,113  
PA,SUSQUEHANNA,115,115  
PA,TIOGA,117,117  
PA,UNION,119,119  
PA,VENANGO,121,121  
PA,WARREN,123,123  
PA,WASHINGTON,125,125  
PA,WAYNE,127,127  
PA,WESTMORELAND,129,129  
PA,WYOMING,131,131  
PA,YORK,133,133  
PR,ADJUNTAS,001,001  
PR,AGUADA,003,003  
PR,AGUADILLA,005,005  
PR,AGUAS BUENAS,007,007  
PR,AIBONITO,009,009  
PR,ANASCO,011,011  
PR,ARECIBO,013,013  
PR,ARROYO,015,015  
PR,BARCELONETA,017,017  
PR,BARRANQUITAS,019,019  
PR,BAYAMON,021,021  
PR,CABO ROJO,023,023  
PR,CAGUAS,025,025  
PR,CAMUY,027,027  
PR,CANOVANAS,029,029  
PR,CAROLINA,031,031  
PR,CATANO,033,033  
PR,CAYEY,035,035  
PR,CEIBA,037,037  
PR,CIALES,039,039  
PR,CIDRA,041,041  
PR,COAMO,043,043  
PR,COMERIO,045,045  
PR,COROZAL,047,047  
PR,CULEBRA,049,049  
PR,DORADO,051,051  
PR,FAJARDO,053,053  
PR,FLORIDA,054,054  
PR,GUANICA,055,055  
PR,GUAYAMA,057,057  
PR,GUAYANILLA,059,059  
PR,GUAYNABO,061,061  
PR,GURABO,063,063  
PR,HATILLO,065,065  
PR,HORMIGUEROS,067,067  
PR,HUMACAO,069,069  
PR,ISABELA,071,071  
PR,JAYUYA,073,073  
PR,JUANA DIAZ,075,075  
PR,JUNCOS,077,077  
PR,LAJAS,079,079  
PR,LARES,081,081  
PR,LAS MARIAS,083,083  
PR,LAS PIEDRAS,085,085  
PR,LOIZA,087,087  
PR,LUQUILLO,089,089  
PR,MANATI,091,091  
PR,MARICAO,093,093  
PR,MAUNABO,095,095  
PR,MAYAGUEZ,097,097  
PR,MOCA,099,099  
PR,MOROVIS,101,101  
PR,NAGUABO,103,103  
PR,NARANJITO,105,105  
PR,OROCOVIS,107,107  
PR,PATILLAS,109,109  
PR,PENUELAS,111,111  
PR,PONCE,113,113  
PR,QUEBRADILLAS,115,115  
PR,RINCON,117,117  
PR,RIO GRANDE,119,119  
PR,SABANA GRANDE,121,121  
PR,SALINAS,123,123  
PR,SAN GERMAN,125,125  
PR,SAN JUAN,127,127  
PR,SAN LORENZO,129,129  
PR,SAN SEBASTIAN,131,131  
PR,SANTA ISABEL,133,133  
PR,TOA ALTA,135,135  
PR,TOA BAJA,137,137  
PR,TRUJILLO ALTO,139,139  
PR,UTUADO,141,141  
PR,VEGA ALTA,143,143  
PR,VEGA BAJA,145,145  
PR,VIEQUES,147,147  
PR,VILLALBA,149,149  
PR,YABUCOA,151,151  
PR,YAUCO,153,153  
PW,PALAU,,030  
RI,BRISTOL,001,001  
RI,KENT,003,003  
RI,NEWPORT,005,005  
RI,PROVIDENCE,007,007  
RI,WASHINGTON,009,009  
SC,ABBEVILLE,001,001  
SC,AIKEN,003,003  
SC,ALLENDALE,005,005  
SC,ANDERSON,007,007  
SC,BAMBERG,009,009  
SC,BARNWELL,011,011  
SC,BEAUFORT,013,013  
SC,BERKELEY,015,015  
SC,CALHOUN,017,017  
SC,CHARLESTON,019,019  
SC,CHEROKEE,021,021  
SC,CHESTER,023,023  
SC,CHESTERFIELD,025,025  
SC,CLARENDON,027,027  
SC,COLLETON,029,029  
SC,DARLINGTON,031,031  
SC,DILLON,033,033  
SC,DORCHESTER,035,035  
SC,EDGEFIELD,037,037  
SC,FAIRFIELD,039,039  
SC,FLORENCE,041,041  
SC,GEORGETOWN,043,043  
SC,GREENVILLE,045,045  
SC,GREENWOOD,047,047  
SC,HAMPTON,049,049  
SC,HORRY,051,051  
SC,JASPER,053,053  
SC,KERSHAW,055,055  
SC,LANCASTER,057,057  
SC,LAURENS,059,059  
SC,LEE,061,061  
SC,LEXINGTON,063,063  
SC,MCCORMICK,065,065  
SC,MARION,067,067  
SC,MARLBORO,069,069  
SC,NEWBERRY,071,071  
SC,OCONEE,073,073  
SC,ORANGEBURG,075,075  
SC,PICKENS,077,077  
SC,RICHLAND,079,079  
SC,SALUDA,081,081  
SC,SPARTANBURG,083,083  
SC,SUMTER,085,085  
SC,UNION,087,087  
SC,WILLIAMSBURG,089,089  
SC,YORK,091,091  
SD,AURORA,003,003  
SD,BEADLE,005,005  
SD,BENNETT,007,007  
SD,BON HOMME,009,009  
SD,BROOKINGS,011,011  
SD,BROWN,013,013  
SD,BRULE,015,015  
SD,BUFFALO,017,017  
SD,BUTTE,019,019  
SD,CAMPBELL,021,021  
SD,CHARLES MIX,023,023  
SD,CLARK,025,025  
SD,CLAY,027,027  
SD,CODINGTON,029,029  
SD,CORSON,031,031  
SD,CUSTER,033,033  
SD,DAVISON,035,035  
SD,DAY,037,037  
SD,DEUEL,039,039  
SD,DEWEY,041,041  
SD,DOUGLAS,043,043  
SD,EDMUNDS,045,045  
SD,FALL RIVER,047,047  
SD,FAULK,049,049  
SD,GRANT,051,051  
SD,GREGORY,053,053  
SD,HAAKON,055,055  
SD,HAMLIN,057,057  
SD,HAND,059,059  
SD,HANSON,061,061  
SD,HARDING,063,063  
SD,HUGHES,065,065  
SD,HUTCHINSON,067,067  
SD,HYDE,069,069  
SD,JACKSON,071,071  
SD,JERAULD,073,073  
SD,JONES,075,075  
SD,KINGSBURY,077,077  
SD,LAKE,079,079  
SD,LAWRENCE,081,081  
SD,LINCOLN,083,083  
SD,LYMAN,085,085  
SD,MCCOOK,087,087  
SD,MCPHERSON,089,089  
SD,MARSHALL,091,091  
SD,MEADE,093,093  
SD,MELLETTE,095,095  
SD,MINER,097,097  
SD,MINNEHAHA,099,099  
SD,MOODY,101,101  
SD,PENNINGTON,103,103  
SD,PERKINS,105,105  
SD,POTTER,107,107  
SD,ROBERTS,109,109  
SD,SANBORN,111,111  
SD,SHANNON,113,113  
SD,SPINK,115,115  
SD,STANLEY,117,117  
SD,SULLY,119,119  
SD,TODD,121,121  
SD,TRIPP,123,123  
SD,TURNER,125,125  
SD,UNION,127,127  
SD,WALWORTH,129,129  
SD,YANKTON,135,135  
SD,ZIEBACH,137,137  
TN,ANDERSON,001,001  
TN,BEDFORD,003,003  
TN,BENTON,005,005  
TN,BLEDSOE,007,007  
TN,BLOUNT,009,009  
TN,BRADLEY,011,011  
TN,CAMPBELL,013,013  
TN,CANNON,015,015  
TN,CARROLL,017,017  
TN,CARTER,019,019  
TN,CHEATHAM,021,021  
TN,CHESTER,023,023  
TN,CLAIBORNE,025,025  
TN,CLAY,027,027  
TN,COCKE,029,029  
TN,COFFEE,031,031  
TN,CROCKETT,033,033  
TN,CUMBERLAND,035,035  
TN,DAVIDSON,037,037  
TN,DECATUR,039,039  
TN,DEKALB,041,041  
TN,DICKSON,043,043  
TN,DYER,045,045  
TN,FAYETTE,047,047  
TN,FENTRESS,049,049  
TN,FRANKLIN,051,051  
TN,GIBSON,053,053  
TN,GILES,055,055  
TN,GRAINGER,057,057  
TN,GREENE,059,059  
TN,GRUNDY,061,061  
TN,HAMBLEN,063,063  
TN,HAMILTON,065,065  
TN,HANCOCK,067,067  
TN,HARDEMAN,069,069  
TN,HARDIN,071,071  
TN,HAWKINS,073,073  
TN,HAYWOOD,075,075  
TN,HENDERSON,077,077  
TN,HENRY,079,079  
TN,HICKMAN,081,081  
TN,HOUSTON,083,083  
TN,HUMPHREYS,085,085  
TN,JACKSON,087,087  
TN,JEFFERSON,089,089  
TN,JOHNSON,091,091  
TN,KNOX,093,093  
TN,LAKE,095,095  
TN,LAUDERDALE,097,097  
TN,LAWRENCE,099,099  
TN,LEWIS,101,101  
TN,LINCOLN,103,103  
TN,LOUDON,105,105  
TN,MCMINN,107,107  
TN,MCNAIRY,109,109  
TN,MACON,111,111  
TN,MADISON,113,113  
TN,MARION,115,115  
TN,MARSHALL,117,117  
TN,MAURY,119,119  
TN,MEIGS,121,121  
TN,MONROE,123,123  
TN,MONTGOMERY,125,125  
TN,MOORE,127,127  
TN,MORGAN,129,129  
TN,OBION,131,131  
TN,OVERTON,133,133  
TN,PERRY,135,135  
TN,PICKETT,137,137  
TN,POLK,139,139  
TN,PUTNAM,141,141  
TN,RHEA,143,143  
TN,ROANE,145,145  
TN,ROBERTSON,147,147  
TN,RUTHERFORD,149,149  
TN,SCOTT,151,151  
TN,SEQUATCHIE,153,153  
TN,SEVIER,155,155  
TN,SHELBY,157,157  
TN,SMITH,159,159  
TN,STEWART,161,161  
TN,SULLIVAN,163,163  
TN,SUMNER,165,165  
TN,TIPTON,167,167  
TN,TROUSDALE,169,169  
TN,UNICOI,171,171  
TN,UNION,173,173  
TN,VAN BUREN,175,175  
TN,WARREN,177,177  
TN,WASHINGTON,179,179  
TN,WAYNE,181,181  
TN,WEAKLEY,183,183  
TN,WHITE,185,185  
TN,WILLIAMSON,187,187  
TN,WILSON,189,189  
TX,ANDERSON,001,001  
TX,ANDREWS,003,003  
TX,ANGELINA,005,005  
TX,ARANSAS,007,007  
TX,ARCHER,009,009  
TX,ARMSTRONG,011,011  
TX,ATASCOSA,013,013  
TX,AUSTIN,015,015  
TX,BAILEY,017,017  
TX,BANDERA,019,019  
TX,BASTROP,021,021  
TX,BAYLOR,023,023  
TX,BEE,025,025  
TX,BELL,027,027  
TX,BEXAR,029,029  
TX,BLANCO,031,031  
TX,BORDEN,033,033  
TX,BOSQUE,035,035  
TX,BOWIE,037,037  
TX,BRAZORIA,039,039  
TX,BRAZOS,041,041  
TX,BREWSTER,043,043  
TX,BRISCOE,045,045  
TX,BROOKS,047,047  
TX,BROWN,049,049  
TX,BURLESON,051,051  
TX,BURNET,053,053  
TX,CALDWELL,055,055  
TX,CALHOUN,057,057  
TX,CALLAHAN,059,059  
TX,CAMERON,061,061  
TX,CAMP,063,063  
TX,CARSON,065,065  
TX,CASS,067,067  
TX,CASTRO,069,069  
TX,CHAMBERS,071,071  
TX,CHEROKEE,073,073  
TX,CHILDRESS,075,075  
TX,CLAY,077,077  
TX,COCHRAN,079,079  
TX,COKE,081,081  
TX,COLEMAN,083,083  
TX,COLLIN,085,085  
TX,COLLINGSWORTH,087,087  
TX,COLORADO,089,089  
TX,COMAL,091,091  
TX,COMANCHE,093,093  
TX,CONCHO,095,095  
TX,COOKE,097,097  
TX,CORYELL,099,099  
TX,COTTLE,101,101  
TX,CRANE,103,103  
TX,CROCKETT,105,105  
TX,CROSBY,107,107  
TX,CULBERSON,109,109  
TX,DALLAM,111,111  
TX,DALLAS,113,113  
TX,DAWSON,115,115  
TX,DEAF SMITH,117,117  
TX,DELTA,119,119  
TX,DENTON,121,121  
TX,DE WITT,123,123  
TX,DICKENS,125,125  
TX,DIMMIT,127,127  
TX,DONLEY,129,129  
TX,DUVAL,131,131  
TX,EASTLAND,133,133  
TX,ECTOR,135,135  
TX,EDWARDS,137,137  
TX,ELLIS,139,139  
TX,EL PASO,141,141  
TX,ERATH,143,143  
TX,FALLS,145,145  
TX,FANNIN,147,147  
TX,FAYETTE,149,149  
TX,FISHER,151,151  
TX,FLOYD,153,153  
TX,FOARD,155,155  
TX,FORT BEND,157,157  
TX,FRANKLIN,159,159  
TX,FREESTONE,161,161  
TX,FRIO,163,163  
TX,GAINES,165,165  
TX,GALVESTON,167,167  
TX,GARZA,169,169  
TX,GILLESPIE,171,171  
TX,GLASSCOCK,173,173  
TX,GOLIAD,175,175  
TX,GONZALES,177,177  
TX,GRAY,179,179  
TX,GRAYSON,181,181  
TX,GREGG,183,183  
TX,GRIMES,185,185  
TX,GUADALUPE,187,187  
TX,HALE,189,189  
TX,HALL,191,191  
TX,HAMILTON,193,193  
TX,HANSFORD,195,195  
TX,HARDEMAN,197,197  
TX,HARDIN,199,199  
TX,HARRIS,201,201  
TX,HARRISON,203,203  
TX,HARTLEY,205,205  
TX,HASKELL,207,207  
TX,HAYS,209,209  
TX,HEMPHILL,211,211  
TX,HENDERSON,213,213  
TX,HIDALGO,215,215  
TX,HILL,217,217  
TX,HOCKLEY,219,219  
TX,HOOD,221,221  
TX,HOPKINS,223,223  
TX,HOUSTON,225,225  
TX,HOWARD,227,227  
TX,HUDSPETH,229,229  
TX,HUNT,231,231  
TX,HUTCHINSON,233,233  
TX,IRION,235,235  
TX,JACK,237,237  
TX,JACKSON,239,239  
TX,JASPER,241,241  
TX,JEFF DAVIS,243,243  
TX,JEFFERSON,245,245  
TX,JIM HOGG,247,247  
TX,JIM WELLS,249,249  
TX,JOHNSON,251,251  
TX,JONES,253,253  
TX,KARNES,255,255  
TX,KAUFMAN,257,257  
TX,KENDALL,259,259  
TX,KENEDY,261,261  
TX,KENT,263,263  
TX,KERR,265,265  
TX,KIMBLE,267,267  
TX,KING,269,269  
TX,KINNEY,271,271  
TX,KLEBERG,273,273  
TX,KNOX,275,275  
TX,LAMAR,277,277  
TX,LAMB,279,279  
TX,LAMPASAS,281,281  
TX,LA SALLE,283,283  
TX,LAVACA,285,285  
TX,LEE,287,287  
TX,LEON,289,289  
TX,LIBERTY,291,291  
TX,LIMESTONE,293,293  
TX,LIPSCOMB,295,295  
TX,LIVE OAK,297,297  
TX,LLANO,299,299  
TX,LOVING,301,301  
TX,LUBBOCK,303,303  
TX,LYNN,305,305  
TX,MCCULLOCH,307,307  
TX,MCLENNAN,309,309  
TX,MCMULLEN,311,311  
TX,MADISON,313,313  
TX,MARION,315,315  
TX,MARTIN,317,317  
TX,MASON,319,319  
TX,MATAGORDA,321,321  
TX,MAVERICK,323,323  
TX,MEDINA,325,325  
TX,MENARD,327,327  
TX,MIDLAND,329,329  
TX,MILAM,331,331  
TX,MILLS,333,333  
TX,MITCHELL,335,335  
TX,MONTAGUE,337,337  
TX,MONTGOMERY,339,339  
TX,MOORE,341,341  
TX,MORRIS,343,343  
TX,MOTLEY,345,345  
TX,NACOGDOCHES,347,347  
TX,NAVARRO,349,349  
TX,NEWTON,351,351  
TX,NOLAN,353,353  
TX,NUECES,355,355  
TX,OCHILTREE,357,357  
TX,OLDHAM,359,359  
TX,ORANGE,361,361  
TX,PALO PINTO,363,363  
TX,PANOLA,365,365  
TX,PARKER,367,367  
TX,PARMER,369,369  
TX,PECOS,371,371  
TX,POLK,373,373  
TX,POTTER,375,375  
TX,PRESIDIO,377,377  
TX,RAINS,379,379  
TX,RANDALL,381,381  
TX,REAGAN,383,383  
TX,REAL,385,385  
TX,RED RIVER,387,387  
TX,REEVES,389,389  
TX,REFUGIO,391,391  
TX,ROBERTS,393,393  
TX,ROBERTSON,395,395  
TX,ROCKWALL,397,397  
TX,RUNNELS,399,399  
TX,RUSK,401,401  
TX,SABINE,403,403  
TX,SAN AUGUSTINE,405,405  
TX,SAN JACINTO,407,407  
TX,SAN PATRICIO,409,409  
TX,SAN SABA,411,411  
TX,SCHLEICHER,413,413  
TX,SCURRY,415,415  
TX,SHACKELFORD,417,417  
TX,SHELBY,419,419  
TX,SHERMAN,421,421  
TX,SMITH,423,423  
TX,SOMERVELL,425,425  
TX,STARR,427,427  
TX,STEPHENS,429,429  
TX,STERLING,431,431  
TX,STONEWALL,433,433  
TX,SUTTON,435,435  
TX,SWISHER,437,437  
TX,TARRANT,439,439  
TX,TAYLOR,441,441  
TX,TERRELL,443,443  
TX,TERRY,445,445  
TX,THROCKMORTON,447,447  
TX,TITUS,449,449  
TX,TOM GREEN,451,451  
TX,TRAVIS,453,453  
TX,TRINITY,455,455  
TX,TYLER,457,457  
TX,UPSHUR,459,459  
TX,UPTON,461,461  
TX,UVALDE,463,463  
TX,VAL VERDE,465,465  
TX,VAN ZANDT,467,467  
TX,VICTORIA,469,469  
TX,WALKER,471,471  
TX,WALLER,473,473  
TX,WARD,475,475  
TX,WASHINGTON,477,477  
TX,WEBB,479,479  
TX,WHARTON,481,481  
TX,WHEELER,483,483  
TX,WICHITA,485,485  
TX,WILBARGER,487,487  
TX,WILLACY,489,489  
TX,WILLIAMSON,491,491  
TX,WILSON,493,493  
TX,WINKLER,495,495  
TX,WISE,497,497  
TX,WOOD,499,499  
TX,YOAKUM,501,501  
TX,YOUNG,503,503  
TX,ZAPATA,505,505  
TX,ZAVALA,507,507  
UT,BEAVER,001,001  
UT,BOX ELDER,003,003  
UT,CACHE,005,005  
UT,CARBON,007,007  
UT,DAGGETT,009,009  
UT,DAVIS,011,011  
UT,DUCHESNE,013,013  
UT,EMERY,015,015  
UT,GARFIELD,017,017  
UT,GRAND,019,019  
UT,IRON,021,021  
UT,JUAB,023,023  
UT,KANE,025,025  
UT,MILLARD,027,027  
UT,MORGAN,029,029  
UT,PIUTE,031,031  
UT,RICH,033,033  
UT,SALT LAKE,035,035  
UT,SAN JUAN,037,037  
UT,SANPETE,039,039  
UT,SEVIER,041,041  
UT,SUMMIT,043,043  
UT,TOOELE,045,045  
UT,UINTAH,047,047  
UT,UTAH,049,049  
UT,WASATCH,051,051  
UT,WASHINGTON,053,053  
UT,WAYNE,055,055  
UT,WEBER,057,057  
VA,ACCOMACK,001,001  
VA,ALBEMARLE,003,003  
VA,ALLEGHANY,005,005  
VA,AMELIA,007,007  
VA,AMHERST,009,009  
VA,APPOMATTOX,011,011  
VA,ARLINGTON,013,013  
VA,AUGUSTA,015,015  
VA,BATH,017,017  
VA,BEDFORD,515,019  
VA,BLAND,021,021  
VA,BOTETOURT,023,023  
VA,BRUNSWICK,025,025  
VA,BUCHANAN,027,027  
VA,BUCKINGHAM,029,029  
VA,CAMPBELL,031,031  
VA,CAROLINE,033,033  
VA,CARROLL,035,035  
VA,CHARLES CITY,036,036  
VA,CHARLOTTE,037,037  
VA,CHESTERFIELD,041,041  
VA,CLARKE,043,043  
VA,CRAIG,045,045  
VA,CULPEPER,047,047  
VA,CUMBERLAND,049,049  
VA,DICKENSON,051,051  
VA,DINWIDDIE,053,053  
VA,ESSEX,057,057  
VA,FAIRFAX,600,059  
VA,FAUQUIER,061,061  
VA,FLOYD,063,063  
VA,FLUVANNA,065,065  
VA,FRANKLIN,620,067  
VA,FREDERICK,069,069  
VA,GILES,071,071  
VA,GLOUCESTER,073,073  
VA,GOOCHLAND,075,075  
VA,GRAYSON,077,077  
VA,GREENE,079,079  
VA,GREENSVILLE,081,081  
VA,HALIFAX,083,083  
VA,HANOVER,085,085  
VA,HENRICO,087,087  
VA,HENRY,089,089  
VA,HIGHLAND,091,091  
VA,ISLE OF WIGHT,093,093  
VA,JAMES CITY,095,095  
VA,KING AND QUEEN,097,097  
VA,KING GEORGE,099,099  
VA,KING WILLIAM,101,101  
VA,LANCASTER,103,103  
VA,LEE,105,105  
VA,LOUDOUN,107,107  
VA,LOUISA,109,109  
VA,LUNENBURG,111,111  
VA,MADISON,113,113  
VA,MATHEWS,115,115  
VA,MECKLENBURG,117,117  
VA,MIDDLESEX,119,119  
VA,MONTGOMERY,121,121  
VA,NELSON,125,125  
VA,NEW KENT,127,127  
VA,NORTHAMPTON,131,131  
VA,NORTHUMBERLAND,133,133  
VA,NOTTOWAY,135,135  
VA,ORANGE,137,137  
VA,PAGE,139,139  
VA,PATRICK,141,141  
VA,PITTSYLVANIA,143,143  
VA,POWHATAN,145,145  
VA,PRINCE EDWARD,147,147  
VA,PRINCE GEORGE,149,149  
VA,PRINCE WILLIAM,153,153  
VA,PULASKI,155,155  
VA,RAPPAHANNOCK,157,157  
VA,RICHMOND,760,159  
VA,ROANOKE,770,161  
VA,ROCKBRIDGE,163,163  
VA,ROCKINGHAM,165,165  
VA,RUSSELL,167,167  
VA,SCOTT,169,169  
VA,SHENANDOAH,171,171  
VA,SMYTH,173,173  
VA,SOUTHAMPTON,175,175  
VA,SPOTSYLVANIA,177,177  
VA,STAFFORD,179,179  
VA,SURRY,181,181  
VA,SUSSEX,183,183  
VA,TAZEWELL,185,185  
VA,WARREN,187,187  
VA,WASHINGTON,191,191  
VA,WESTMORELAND,193,193  
VA,WISE,195,195  
VA,WYTHE,197,197  
VA,YORK,199,199  
VA,ALEXANDRIA CITY,510,510  
VA,BRISTOL CITY,520,520  
VA,BUENA VISTA CITY,530,530  
VA,CHARLOTTESVILLE CITY,540,540  
VA,CHESAPEAKE CITY,550,550  
VA,COLONIAL HEIGHTS CITY,570,570  
VA,COVINGTON CITY,580,580  
VA,DANVILLE CITY,590,590  
VA,FAIRFAX CITY,600,600  
VA,FALLS CHURCH CITY,610,610  
VA,FRANKLIN CITY,620,620  
VA,FREDERICKSBURG CITY,630,630  
VA,GALAX CITY,640,640  
VA,HAMPTON CITY,650,650  
VA,HARRISONBURG CITY,660,660  
VA,HOPEWELL CITY,670,670  
VA,LEXINGTON CITY,678,678  
VA,LYNCHBURG CITY,680,680  
VA,MANASSAS CITY,683,683  
VA,MANASSAS PARK CITY,685,685  
VA,MARTINSVILLE CITY,690,690  
VA,NEWPORT NEWS CITY,700,700  
VA,NORFOLK CITY,710,710  
VA,NORTON CITY,720,720  
VA,PETERSBURG CITY,730,730  
VA,POQUOSON CITY,735,735  
VA,PORTSMOUTH CITY,740,740  
VA,RADFORD,750,750  
VA,RICHMOND CITY,760,760  
VA,ROANOKE CITY,770,770  
VA,SALEM,775,775  
VA,STAUNTON CITY,790,790  
VA,SUFFOLK CITY,800,800  
VA,VIRGINIA BEACH CITY,810,810  
VA,WAYNESBORO CITY,820,820  
VA,WILLIAMSBURG CITY,830,830  
VA,WINCHESTER CITY,840,840  
VI,SAINT CROIX,010,010  
VI,SAINT JOHN,020,020  
VI,SAINT THOMAS,030,030  
VT,ADDISON,001,001  
VT,BENNINGTON,003,003  
VT,CALEDONIA,005,005  
VT,CHITTENDEN,007,007  
VT,ESSEX,009,009  
VT,FRANKLIN,011,011  
VT,GRAND ISLE,013,013  
VT,LAMOILLE,015,015  
VT,ORANGE,017,017  
VT,ORLEANS,019,019  
VT,RUTLAND,021,021  
VT,WASHINGTON,023,023  
VT,WINDHAM,025,025  
VT,WINDSOR,027,027  
WA,ADAMS,001,001  
WA,ASOTIN,003,003  
WA,BENTON,005,005  
WA,CHELAN,007,007  
WA,CLALLAM,009,009  
WA,CLARK,011,011  
WA,COLUMBIA,013,013  
WA,COWLITZ,015,015  
WA,DOUGLAS,017,017  
WA,FERRY,019,019  
WA,FRANKLIN,021,021  
WA,GARFIELD,023,023  
WA,GRANT,025,025  
WA,GRAYS HARBOR,027,027  
WA,ISLAND,029,029  
WA,JEFFERSON,031,031  
WA,KING,033,033  
WA,KITSAP,035,035  
WA,KITTITAS,037,037  
WA,KLICKITAT,039,039  
WA,LEWIS,041,041  
WA,LINCOLN,043,043  
WA,MASON,045,045  
WA,OKANOGAN,047,047  
WA,PACIFIC,049,049  
WA,PEND OREILLE,051,051  
WA,PIERCE,053,053  
WA,SAN JUAN,055,055  
WA,SKAGIT,057,057  
WA,SKAMANIA,059,059  
WA,SNOHOMISH,061,061  
WA,SPOKANE,063,063  
WA,STEVENS,065,065  
WA,THURSTON,067,067  
WA,WAHKIAKUM,069,069  
WA,WALLA WALLA,071,071  
WA,WHATCOM,073,073  
WA,WHITMAN,075,075  
WA,YAKIMA,077,077  
WI,ADAMS,001,001  
WI,ASHLAND,003,003  
WI,BARRON,005,005  
WI,BAYFIELD,007,007  
WI,BROWN,009,009  
WI,BUFFALO,011,011  
WI,BURNETT,013,013  
WI,CALUMET,015,015  
WI,CHIPPEWA,017,017  
WI,CLARK,019,019  
WI,COLUMBIA,021,021  
WI,CRAWFORD,023,023  
WI,DANE,025,025  
WI,DODGE,027,027  
WI,DOOR,029,029  
WI,DOUGLAS,031,031  
WI,DUNN,033,033  
WI,EAU CLAIRE,035,035  
WI,FLORENCE,037,037  
WI,FOND DU LAC,039,039  
WI,FOREST,041,041  
WI,GRANT,043,043  
WI,GREEN,045,045  
WI,GREEN LAKE,047,047  
WI,IOWA,049,049  
WI,IRON,051,051  
WI,JACKSON,053,053  
WI,JEFFERSON,055,055  
WI,JUNEAU,057,057  
WI,KENOSHA,059,059  
WI,KEWAUNEE,061,061  
WI,LA CROSSE,063,063  
WI,LAFAYETTE,065,065  
WI,LANGLADE,067,067  
WI,LINCOLN,069,069  
WI,MANITOWOC,071,071  
WI,MARATHON,073,073  
WI,MARINETTE,075,075  
WI,MARQUETTE,077,077  
WI,MENOMINEE,078,078  
WI,MILWAUKEE,079,079  
WI,MONROE,081,081  
WI,OCONTO,083,083  
WI,ONEIDA,085,085  
WI,OUTAGAMIE,087,087  
WI,OZAUKEE,089,089  
WI,PEPIN,091,091  
WI,PIERCE,093,093  
WI,POLK,095,095  
WI,PORTAGE,097,097  
WI,PRICE,099,099  
WI,RACINE,101,101  
WI,RICHLAND,103,103  
WI,ROCK,105,105  
WI,RUSK,107,107  
WI,SAINT CROIX,109,109  
WI,SAUK,111,111  
WI,SAWYER,113,113  
WI,SHAWANO,115,115  
WI,SHEBOYGAN,117,117  
WI,TAYLOR,119,119  
WI,TREMPEALEAU,121,121  
WI,VERNON,123,123  
WI,VILAS,125,125  
WI,WALWORTH,127,127  
WI,WASHBURN,129,129  
WI,WASHINGTON,131,131  
WI,WAUKESHA,133,133  
WI,WAUPACA,135,135  
WI,WAUSHARA,137,137  
WI,WINNEBAGO,139,139  
WI,WOOD,141,141  
WV,BARBOUR,001,001  
WV,BERKELEY,003,003  
WV,BOONE,005,005  
WV,BRAXTON,007,007  
WV,BROOKE,009,009  
WV,CABELL,011,011  
WV,CALHOUN,013,013  
WV,CLAY,015,015  
WV,DODDRIDGE,017,017  
WV,FAYETTE,019,019  
WV,GILMER,021,021  
WV,GRANT,023,023  
WV,GREENBRIER,025,025  
WV,HAMPSHIRE,027,027  
WV,HANCOCK,029,029  
WV,HARDY,031,031  
WV,HARRISON,033,033  
WV,JACKSON,035,035  
WV,JEFFERSON,037,037  
WV,KANAWHA,039,039  
WV,LEWIS,041,041  
WV,LINCOLN,043,043  
WV,LOGAN,045,045  
WV,MCDOWELL,047,047  
WV,MARION,049,049  
WV,MARSHALL,051,051  
WV,MASON,053,053  
WV,MERCER,055,055  
WV,MINERAL,057,057  
WV,MINGO,059,059  
WV,MONONGALIA,061,061  
WV,MONROE,063,063  
WV,MORGAN,065,065  
WV,NICHOLAS,067,067  
WV,OHIO,069,069  
WV,PENDLETON,071,071  
WV,PLEASANTS,073,073  
WV,POCAHONTAS,075,075  
WV,PRESTON,077,077  
WV,PUTNAM,079,079  
WV,RALEIGH,081,081  
WV,RANDOLPH,083,083  
WV,RITCHIE,085,085  
WV,ROANE,087,087  
WV,SUMMERS,089,089  
WV,TAYLOR,091,091  
WV,TUCKER,093,093  
WV,TYLER,095,095  
WV,UPSHUR,097,097  
WV,WAYNE,099,099  
WV,WEBSTER,101,101  
WV,WETZEL,103,103  
WV,WIRT,105,105  
WV,WOOD,107,107  
WV,WYOMING,109,109  
WY,ALBANY,001,001  
WY,BIG HORN,003,003  
WY,CAMPBELL,005,005  
WY,CARBON,007,007  
WY,CONVERSE,009,009  
WY,CROOK,011,011  
WY,FREMONT,013,013  
WY,GOSHEN,015,015  
WY,HOT SPRINGS,017,017  
WY,JOHNSON,019,019  
WY,LARAMIE,021,021  
WY,LINCOLN,023,023  
WY,NATRONA,025,025  
WY,NIOBRARA,027,027  
WY,PARK,029,029  
WY,PLATTE,031,031  
WY,SHERIDAN,033,033  
WY,SUBLETTE,035,035  
WY,SWEETWATER,037,037  
WY,TETON,039,039  
WY,UINTA,041,041  
WY,WASHAKIE,043,043  
WY,WESTON,045,045  
